==9340== NVPROF is profiling process 9340, command: runnable.exe
==9340== Some kernel(s) will be replayed on device 0 in order to collect all events/metrics.
==9340== Profiling application: runnable.exe
==9340== Profiling result:
==9340== Event result:
"Device","Kernel","Invocations","Event Name","Min","Max","Avg","Total"
"NVIDIA GeForce MX250 (0)","matrix3D_scalar_product(float*, float, int, int)",1,"tex0_cache_sector_queries",598,598,598,598
"NVIDIA GeForce MX250 (0)","matrix3D_scalar_product(float*, float, int, int)",1,"tex1_cache_sector_queries",624,624,624,624
"NVIDIA GeForce MX250 (0)","matrix3D_scalar_product(float*, float, int, int)",1,"tex0_cache_sector_misses",461,461,461,461
"NVIDIA GeForce MX250 (0)","matrix3D_scalar_product(float*, float, int, int)",1,"tex1_cache_sector_misses",480,480,480,480
"NVIDIA GeForce MX250 (0)","matrix3D_scalar_product(float*, float, int, int)",1,"fb_subp0_read_sectors",0,0,0,0
"NVIDIA GeForce MX250 (0)","matrix3D_scalar_product(float*, float, int, int)",1,"fb_subp1_read_sectors",0,0,0,0
"NVIDIA GeForce MX250 (0)","matrix3D_scalar_product(float*, float, int, int)",1,"fb_subp0_write_sectors",0,0,0,0
"NVIDIA GeForce MX250 (0)","matrix3D_scalar_product(float*, float, int, int)",1,"fb_subp1_write_sectors",0,0,0,0
"NVIDIA GeForce MX250 (0)","matrix3D_scalar_product(float*, float, int, int)",1,"l2_subp0_write_sector_misses",0,0,0,0
"NVIDIA GeForce MX250 (0)","matrix3D_scalar_product(float*, float, int, int)",1,"l2_subp1_write_sector_misses",0,0,0,0
"NVIDIA GeForce MX250 (0)","matrix3D_scalar_product(float*, float, int, int)",1,"l2_subp0_read_sector_misses",0,0,0,0
"NVIDIA GeForce MX250 (0)","matrix3D_scalar_product(float*, float, int, int)",1,"l2_subp1_read_sector_misses",0,0,0,0
"NVIDIA GeForce MX250 (0)","matrix3D_scalar_product(float*, float, int, int)",1,"l2_subp0_read_tex_sector_queries",162,162,162,162
"NVIDIA GeForce MX250 (0)","matrix3D_scalar_product(float*, float, int, int)",1,"l2_subp1_read_tex_sector_queries",168,168,168,168
"NVIDIA GeForce MX250 (0)","matrix3D_scalar_product(float*, float, int, int)",1,"l2_subp0_write_tex_sector_queries",162,162,162,162
"NVIDIA GeForce MX250 (0)","matrix3D_scalar_product(float*, float, int, int)",1,"l2_subp1_write_tex_sector_queries",168,168,168,168
"NVIDIA GeForce MX250 (0)","matrix3D_scalar_product(float*, float, int, int)",1,"l2_subp0_read_tex_hit_sectors",162,162,162,162
"NVIDIA GeForce MX250 (0)","matrix3D_scalar_product(float*, float, int, int)",1,"l2_subp1_read_tex_hit_sectors",168,168,168,168
"NVIDIA GeForce MX250 (0)","matrix3D_scalar_product(float*, float, int, int)",1,"l2_subp0_write_tex_hit_sectors",162,162,162,162
"NVIDIA GeForce MX250 (0)","matrix3D_scalar_product(float*, float, int, int)",1,"l2_subp1_write_tex_hit_sectors",168,168,168,168
"NVIDIA GeForce MX250 (0)","matrix3D_scalar_product(float*, float, int, int)",1,"l2_subp0_total_read_sector_queries",186,186,186,186
"NVIDIA GeForce MX250 (0)","matrix3D_scalar_product(float*, float, int, int)",1,"l2_subp1_total_read_sector_queries",195,195,195,195
"NVIDIA GeForce MX250 (0)","matrix3D_scalar_product(float*, float, int, int)",1,"l2_subp0_total_write_sector_queries",170,170,170,170
"NVIDIA GeForce MX250 (0)","matrix3D_scalar_product(float*, float, int, int)",1,"l2_subp1_total_write_sector_queries",173,173,173,173
"NVIDIA GeForce MX250 (0)","matrix3D_scalar_product(float*, float, int, int)",1,"l2_subp0_read_sysmem_sector_queries",0,0,0,0
"NVIDIA GeForce MX250 (0)","matrix3D_scalar_product(float*, float, int, int)",1,"l2_subp1_read_sysmem_sector_queries",11,11,11,11
"NVIDIA GeForce MX250 (0)","matrix3D_scalar_product(float*, float, int, int)",1,"l2_subp0_write_sysmem_sector_queries",0,0,0,0
"NVIDIA GeForce MX250 (0)","matrix3D_scalar_product(float*, float, int, int)",1,"l2_subp1_write_sysmem_sector_queries",5,5,5,5
"NVIDIA GeForce MX250 (0)","matrix3D_scalar_product(float*, float, int, int)",1,"elapsed_cycles_sm",15600,15600,15600,15600
"NVIDIA GeForce MX250 (0)","matrix3D_scalar_product(float*, float, int, int)",1,"gld_inst_8bit",0,0,0,0
"NVIDIA GeForce MX250 (0)","matrix3D_scalar_product(float*, float, int, int)",1,"gld_inst_16bit",0,0,0,0
"NVIDIA GeForce MX250 (0)","matrix3D_scalar_product(float*, float, int, int)",1,"gld_inst_32bit",2250,2250,2250,2250
"NVIDIA GeForce MX250 (0)","matrix3D_scalar_product(float*, float, int, int)",1,"gld_inst_64bit",0,0,0,0
"NVIDIA GeForce MX250 (0)","matrix3D_scalar_product(float*, float, int, int)",1,"gld_inst_128bit",0,0,0,0
"NVIDIA GeForce MX250 (0)","matrix3D_scalar_product(float*, float, int, int)",1,"gst_inst_8bit",0,0,0,0
"NVIDIA GeForce MX250 (0)","matrix3D_scalar_product(float*, float, int, int)",1,"gst_inst_16bit",0,0,0,0
"NVIDIA GeForce MX250 (0)","matrix3D_scalar_product(float*, float, int, int)",1,"gst_inst_32bit",2250,2250,2250,2250
"NVIDIA GeForce MX250 (0)","matrix3D_scalar_product(float*, float, int, int)",1,"gst_inst_64bit",0,0,0,0
"NVIDIA GeForce MX250 (0)","matrix3D_scalar_product(float*, float, int, int)",1,"gst_inst_128bit",0,0,0,0
"NVIDIA GeForce MX250 (0)","matrix3D_scalar_product(float*, float, int, int)",1,"prof_trigger_00",0,0,0,0
"NVIDIA GeForce MX250 (0)","matrix3D_scalar_product(float*, float, int, int)",1,"prof_trigger_01",0,0,0,0
"NVIDIA GeForce MX250 (0)","matrix3D_scalar_product(float*, float, int, int)",1,"prof_trigger_02",0,0,0,0
"NVIDIA GeForce MX250 (0)","matrix3D_scalar_product(float*, float, int, int)",1,"prof_trigger_03",0,0,0,0
"NVIDIA GeForce MX250 (0)","matrix3D_scalar_product(float*, float, int, int)",1,"prof_trigger_04",0,0,0,0
"NVIDIA GeForce MX250 (0)","matrix3D_scalar_product(float*, float, int, int)",1,"prof_trigger_05",0,0,0,0
"NVIDIA GeForce MX250 (0)","matrix3D_scalar_product(float*, float, int, int)",1,"prof_trigger_06",0,0,0,0
"NVIDIA GeForce MX250 (0)","matrix3D_scalar_product(float*, float, int, int)",1,"prof_trigger_07",0,0,0,0
"NVIDIA GeForce MX250 (0)","matrix3D_scalar_product(float*, float, int, int)",1,"warps_launched",72,72,72,72
"NVIDIA GeForce MX250 (0)","matrix3D_scalar_product(float*, float, int, int)",1,"inst_issued0",10942,10942,10942,10942
"NVIDIA GeForce MX250 (0)","matrix3D_scalar_product(float*, float, int, int)",1,"inst_issued1",1656,1656,1656,1656
"NVIDIA GeForce MX250 (0)","matrix3D_scalar_product(float*, float, int, int)",1,"inst_issued2",0,0,0,0
"NVIDIA GeForce MX250 (0)","matrix3D_scalar_product(float*, float, int, int)",1,"inst_executed",1512,1512,1512,1512
"NVIDIA GeForce MX250 (0)","matrix3D_scalar_product(float*, float, int, int)",1,"thread_inst_executed",47250,47250,47250,47250
"NVIDIA GeForce MX250 (0)","matrix3D_scalar_product(float*, float, int, int)",1,"not_predicated_off_thread_inst_executed",45000,45000,45000,45000
"NVIDIA GeForce MX250 (0)","matrix3D_scalar_product(float*, float, int, int)",1,"active_cycles",3243,3243,3243,3243
"NVIDIA GeForce MX250 (0)","matrix3D_scalar_product(float*, float, int, int)",1,"active_warps",61232,61232,61232,61232
"NVIDIA GeForce MX250 (0)","matrix3D_scalar_product(float*, float, int, int)",1,"global_load",72,72,72,72
"NVIDIA GeForce MX250 (0)","matrix3D_scalar_product(float*, float, int, int)",1,"global_store",72,72,72,72
"NVIDIA GeForce MX250 (0)","matrix3D_scalar_product(float*, float, int, int)",1,"generic_load",0,0,0,0
"NVIDIA GeForce MX250 (0)","matrix3D_scalar_product(float*, float, int, int)",1,"generic_store",0,0,0,0
"NVIDIA GeForce MX250 (0)","matrix3D_scalar_product(float*, float, int, int)",1,"inst_executed_in_trap",0,0,0,0
"NVIDIA GeForce MX250 (0)","matrix3D_scalar_product(float*, float, int, int)",1,"active_cycles_in_trap",0,0,0,0
"NVIDIA GeForce MX250 (0)","matrix3D_scalar_product(float*, float, int, int)",1,"local_store",0,0,0,0
"NVIDIA GeForce MX250 (0)","matrix3D_scalar_product(float*, float, int, int)",1,"local_load",0,0,0,0
"NVIDIA GeForce MX250 (0)","matrix3D_scalar_product(float*, float, int, int)",1,"shared_load",0,0,0,0
"NVIDIA GeForce MX250 (0)","matrix3D_scalar_product(float*, float, int, int)",1,"shared_store",0,0,0,0
"NVIDIA GeForce MX250 (0)","matrix3D_scalar_product(float*, float, int, int)",1,"inst_executed_shared_atom_cas",0,0,0,0
"NVIDIA GeForce MX250 (0)","matrix3D_scalar_product(float*, float, int, int)",1,"shared_atom",0,0,0,0
"NVIDIA GeForce MX250 (0)","matrix3D_scalar_product(float*, float, int, int)",1,"global_atom_cas",0,0,0,0
"NVIDIA GeForce MX250 (0)","matrix3D_scalar_product(float*, float, int, int)",1,"atom_count",0,0,0,0
"NVIDIA GeForce MX250 (0)","matrix3D_scalar_product(float*, float, int, int)",1,"gred_count",0,0,0,0
"NVIDIA GeForce MX250 (0)","matrix3D_scalar_product(float*, float, int, int)",1,"divergent_branch",0,0,0,0
"NVIDIA GeForce MX250 (0)","matrix3D_scalar_product(float*, float, int, int)",1,"branch",144,144,144,144
"NVIDIA GeForce MX250 (0)","matrix3D_scalar_product(float*, float, int, int)",1,"shared_ld_bank_conflict",0,0,0,0
"NVIDIA GeForce MX250 (0)","matrix3D_scalar_product(float*, float, int, int)",1,"shared_st_bank_conflict",0,0,0,0
"NVIDIA GeForce MX250 (0)","matrix3D_scalar_product(float*, float, int, int)",1,"shared_ld_transactions",0,0,0,0
"NVIDIA GeForce MX250 (0)","matrix3D_scalar_product(float*, float, int, int)",1,"shared_st_transactions",0,0,0,0
"NVIDIA GeForce MX250 (0)","matrix3D_scalar_product(float*, float, int, int)",1,"active_cycles_pm",2719,2719,2719,2719
"NVIDIA GeForce MX250 (0)","matrix3D_scalar_product(float*, float, int, int)",1,"active_warps_pm",61190,61190,61190,61190
"NVIDIA GeForce MX250 (0)","matrix3D_scalar_product(float*, float, int, int)",1,"elapsed_cycles_pm",17067,17067,17067,17067

==9340== Metric result:
"Device","Kernel","Invocations","Metric Name","Metric Description","Min","Max","Avg"
"NVIDIA GeForce MX250 (0)","matrix3D_scalar_product(float*, float, int, int)",1,"inst_per_warp","Instructions per warp",21.000000,21.000000,21.000000
"NVIDIA GeForce MX250 (0)","matrix3D_scalar_product(float*, float, int, int)",1,"branch_efficiency","Branch Efficiency",100.000000%,100.000000%,100.000000%
"NVIDIA GeForce MX250 (0)","matrix3D_scalar_product(float*, float, int, int)",1,"warp_execution_efficiency","Warp Execution Efficiency",97.656250%,97.656250%,97.656250%
"NVIDIA GeForce MX250 (0)","matrix3D_scalar_product(float*, float, int, int)",1,"warp_nonpred_execution_efficiency","Warp Non-Predicated Execution Efficiency",93.005952%,93.005952%,93.005952%
"NVIDIA GeForce MX250 (0)","matrix3D_scalar_product(float*, float, int, int)",1,"inst_replay_overhead","Instruction Replay Overhead",0.095238,0.095238,0.095238
"NVIDIA GeForce MX250 (0)","matrix3D_scalar_product(float*, float, int, int)",1,"shared_load_transactions_per_request","Shared Memory Load Transactions Per Request",0.000000,0.000000,0.000000
"NVIDIA GeForce MX250 (0)","matrix3D_scalar_product(float*, float, int, int)",1,"shared_store_transactions_per_request","Shared Memory Store Transactions Per Request",0.000000,0.000000,0.000000
"NVIDIA GeForce MX250 (0)","matrix3D_scalar_product(float*, float, int, int)",1,"local_load_transactions_per_request","Local Memory Load Transactions Per Request",0.000000,0.000000,0.000000
"NVIDIA GeForce MX250 (0)","matrix3D_scalar_product(float*, float, int, int)",1,"local_store_transactions_per_request","Local Memory Store Transactions Per Request",0.000000,0.000000,0.000000
"NVIDIA GeForce MX250 (0)","matrix3D_scalar_product(float*, float, int, int)",1,"gld_transactions_per_request","Global Load Transactions Per Request",15.694444,15.694444,15.694444
"NVIDIA GeForce MX250 (0)","matrix3D_scalar_product(float*, float, int, int)",1,"gst_transactions_per_request","Global Store Transactions Per Request",4.583333,4.583333,4.583333
"NVIDIA GeForce MX250 (0)","matrix3D_scalar_product(float*, float, int, int)",1,"shared_store_transactions","Shared Store Transactions",0,0,0
"NVIDIA GeForce MX250 (0)","matrix3D_scalar_product(float*, float, int, int)",1,"shared_load_transactions","Shared Load Transactions",0,0,0
"NVIDIA GeForce MX250 (0)","matrix3D_scalar_product(float*, float, int, int)",1,"local_load_transactions","Local Load Transactions",0,0,0
"NVIDIA GeForce MX250 (0)","matrix3D_scalar_product(float*, float, int, int)",1,"local_store_transactions","Local Store Transactions",0,0,0
"NVIDIA GeForce MX250 (0)","matrix3D_scalar_product(float*, float, int, int)",1,"gld_transactions","Global Load Transactions",1130,1130,1130
"NVIDIA GeForce MX250 (0)","matrix3D_scalar_product(float*, float, int, int)",1,"gst_transactions","Global Store Transactions",330,330,330
"NVIDIA GeForce MX250 (0)","matrix3D_scalar_product(float*, float, int, int)",1,"sysmem_read_transactions","System Memory Read Transactions",0,0,0
"NVIDIA GeForce MX250 (0)","matrix3D_scalar_product(float*, float, int, int)",1,"sysmem_write_transactions","System Memory Write Transactions",5,5,5
"NVIDIA GeForce MX250 (0)","matrix3D_scalar_product(float*, float, int, int)",1,"l2_read_transactions","L2 Read Transactions",381,381,381
"NVIDIA GeForce MX250 (0)","matrix3D_scalar_product(float*, float, int, int)",1,"l2_write_transactions","L2 Write Transactions",343,343,343
"NVIDIA GeForce MX250 (0)","matrix3D_scalar_product(float*, float, int, int)",1,"global_hit_rate","Global Hit Rate in unified l1/tex",0.000000%,0.000000%,0.000000%
"NVIDIA GeForce MX250 (0)","matrix3D_scalar_product(float*, float, int, int)",1,"local_hit_rate","Local Hit Rate",0.000000%,0.000000%,0.000000%
"NVIDIA GeForce MX250 (0)","matrix3D_scalar_product(float*, float, int, int)",1,"gld_requested_throughput","Requested Global Load Throughput",3.894936GB/s,3.894936GB/s,3.894936GB/s
"NVIDIA GeForce MX250 (0)","matrix3D_scalar_product(float*, float, int, int)",1,"gst_requested_throughput","Requested Global Store Throughput",3.894936GB/s,3.894936GB/s,3.894936GB/s
"NVIDIA GeForce MX250 (0)","matrix3D_scalar_product(float*, float, int, int)",1,"gld_throughput","Global Load Throughput",4.570059GB/s,4.570059GB/s,4.570058GB/s
"NVIDIA GeForce MX250 (0)","matrix3D_scalar_product(float*, float, int, int)",1,"gst_throughput","Global Store Throughput",4.570059GB/s,4.570059GB/s,4.570058GB/s
"NVIDIA GeForce MX250 (0)","matrix3D_scalar_product(float*, float, int, int)",1,"local_memory_overhead","Local Memory Overhead",0.000000%,0.000000%,0.000000%
"NVIDIA GeForce MX250 (0)","matrix3D_scalar_product(float*, float, int, int)",1,"tex_cache_hit_rate","Unified Cache Hit Rate",45.990180%,45.990180%,45.990180%
"NVIDIA GeForce MX250 (0)","matrix3D_scalar_product(float*, float, int, int)",1,"l2_tex_read_hit_rate","L2 Hit Rate (Texture Reads)",100.000000%,100.000000%,100.000000%
"NVIDIA GeForce MX250 (0)","matrix3D_scalar_product(float*, float, int, int)",1,"l2_tex_write_hit_rate","L2 Hit Rate (Texture Writes)",100.000000%,100.000000%,100.000000%
"NVIDIA GeForce MX250 (0)","matrix3D_scalar_product(float*, float, int, int)",1,"tex_cache_throughput","Unified Cache Throughput",3.905323GB/s,3.905323GB/s,3.905322GB/s
"NVIDIA GeForce MX250 (0)","matrix3D_scalar_product(float*, float, int, int)",1,"l2_tex_read_throughput","L2 Throughput (Texture Reads)",4.570059GB/s,4.570059GB/s,4.570058GB/s
"NVIDIA GeForce MX250 (0)","matrix3D_scalar_product(float*, float, int, int)",1,"l2_tex_write_throughput","L2 Throughput (Texture Writes)",4.570059GB/s,4.570059GB/s,4.570058GB/s
"NVIDIA GeForce MX250 (0)","matrix3D_scalar_product(float*, float, int, int)",1,"l2_read_throughput","L2 Throughput (Reads)",5.276341GB/s,5.276341GB/s,5.276340GB/s
"NVIDIA GeForce MX250 (0)","matrix3D_scalar_product(float*, float, int, int)",1,"l2_write_throughput","L2 Throughput (Writes)",4.750091GB/s,4.750091GB/s,4.750091GB/s
"NVIDIA GeForce MX250 (0)","matrix3D_scalar_product(float*, float, int, int)",1,"sysmem_read_throughput","System Memory Read Throughput",0.000000B/s,0.000000B/s,0.000000B/s
"NVIDIA GeForce MX250 (0)","matrix3D_scalar_product(float*, float, int, int)",1,"sysmem_write_throughput","System Memory Write Throughput",70.905153MB/s,70.905153MB/s,70.904710MB/s
"NVIDIA GeForce MX250 (0)","matrix3D_scalar_product(float*, float, int, int)",1,"local_load_throughput","Local Memory Load Throughput",0.000000B/s,0.000000B/s,0.000000B/s
"NVIDIA GeForce MX250 (0)","matrix3D_scalar_product(float*, float, int, int)",1,"local_store_throughput","Local Memory Store Throughput",0.000000B/s,0.000000B/s,0.000000B/s
"NVIDIA GeForce MX250 (0)","matrix3D_scalar_product(float*, float, int, int)",1,"shared_load_throughput","Shared Memory Load Throughput",0.000000B/s,0.000000B/s,0.000000B/s
"NVIDIA GeForce MX250 (0)","matrix3D_scalar_product(float*, float, int, int)",1,"shared_store_throughput","Shared Memory Store Throughput",0.000000B/s,0.000000B/s,0.000000B/s
"NVIDIA GeForce MX250 (0)","matrix3D_scalar_product(float*, float, int, int)",1,"gld_efficiency","Global Memory Load Efficiency",85.227273%,85.227273%,85.227273%
"NVIDIA GeForce MX250 (0)","matrix3D_scalar_product(float*, float, int, int)",1,"gst_efficiency","Global Memory Store Efficiency",85.227273%,85.227273%,85.227273%
"NVIDIA GeForce MX250 (0)","matrix3D_scalar_product(float*, float, int, int)",1,"tex_cache_transactions","Unified Cache Transactions",282,282,282
"NVIDIA GeForce MX250 (0)","matrix3D_scalar_product(float*, float, int, int)",1,"flop_count_dp","Floating Point Operations(Double Precision)",0,0,0
"NVIDIA GeForce MX250 (0)","matrix3D_scalar_product(float*, float, int, int)",1,"flop_count_dp_add","Floating Point Operations(Double Precision Add)",0,0,0
"NVIDIA GeForce MX250 (0)","matrix3D_scalar_product(float*, float, int, int)",1,"flop_count_dp_fma","Floating Point Operations(Double Precision FMA)",0,0,0
"NVIDIA GeForce MX250 (0)","matrix3D_scalar_product(float*, float, int, int)",1,"flop_count_dp_mul","Floating Point Operations(Double Precision Mul)",0,0,0
"NVIDIA GeForce MX250 (0)","matrix3D_scalar_product(float*, float, int, int)",1,"flop_count_sp","Floating Point Operations(Single Precision)",2250,2250,2250
"NVIDIA GeForce MX250 (0)","matrix3D_scalar_product(float*, float, int, int)",1,"flop_count_sp_add","Floating Point Operations(Single Precision Add)",0,0,0
"NVIDIA GeForce MX250 (0)","matrix3D_scalar_product(float*, float, int, int)",1,"flop_count_sp_fma","Floating Point Operations(Single Precision FMA)",0,0,0
"NVIDIA GeForce MX250 (0)","matrix3D_scalar_product(float*, float, int, int)",1,"flop_count_sp_mul","Floating Point Operation(Single Precision Mul)",2250,2250,2250
"NVIDIA GeForce MX250 (0)","matrix3D_scalar_product(float*, float, int, int)",1,"flop_count_sp_special","Floating Point Operations(Single Precision Special)",0,0,0
"NVIDIA GeForce MX250 (0)","matrix3D_scalar_product(float*, float, int, int)",1,"inst_executed","Instructions Executed",1512,1512,1512
"NVIDIA GeForce MX250 (0)","matrix3D_scalar_product(float*, float, int, int)",1,"inst_issued","Instructions Issued",1656,1656,1656
"NVIDIA GeForce MX250 (0)","matrix3D_scalar_product(float*, float, int, int)",1,"sysmem_utilization","System Memory Utilization","Low (1)","Low (1)","Low (1)"
"NVIDIA GeForce MX250 (0)","matrix3D_scalar_product(float*, float, int, int)",1,"stall_inst_fetch","Issue Stall Reasons (Instructions Fetch)",21.692909%,21.692909%,21.692909%
"NVIDIA GeForce MX250 (0)","matrix3D_scalar_product(float*, float, int, int)",1,"stall_exec_dependency","Issue Stall Reasons (Execution Dependency)",13.960485%,13.960485%,13.960485%
"NVIDIA GeForce MX250 (0)","matrix3D_scalar_product(float*, float, int, int)",1,"stall_memory_dependency","Issue Stall Reasons (Data Request)",21.999513%,21.999513%,21.999513%
"NVIDIA GeForce MX250 (0)","matrix3D_scalar_product(float*, float, int, int)",1,"stall_texture","Issue Stall Reasons (Texture)",0.000000%,0.000000%,0.000000%
"NVIDIA GeForce MX250 (0)","matrix3D_scalar_product(float*, float, int, int)",1,"stall_sync","Issue Stall Reasons (Synchronization)",0.000000%,0.000000%,0.000000%
"NVIDIA GeForce MX250 (0)","matrix3D_scalar_product(float*, float, int, int)",1,"stall_other","Issue Stall Reasons (Other)",5.809705%,5.809705%,5.809705%
"NVIDIA GeForce MX250 (0)","matrix3D_scalar_product(float*, float, int, int)",1,"stall_constant_memory_dependency","Issue Stall Reasons (Immediate constant)",32.382481%,32.382481%,32.382481%
"NVIDIA GeForce MX250 (0)","matrix3D_scalar_product(float*, float, int, int)",1,"stall_pipe_busy","Issue Stall Reasons (Pipe Busy)",0.563061%,0.563061%,0.563061%
"NVIDIA GeForce MX250 (0)","matrix3D_scalar_product(float*, float, int, int)",1,"shared_efficiency","Shared Memory Efficiency",0.000000%,0.000000%,0.000000%
"NVIDIA GeForce MX250 (0)","matrix3D_scalar_product(float*, float, int, int)",1,"inst_fp_32","FP Instructions(Single)",2250,2250,2250
"NVIDIA GeForce MX250 (0)","matrix3D_scalar_product(float*, float, int, int)",1,"inst_fp_64","FP Instructions(Double)",0,0,0
"NVIDIA GeForce MX250 (0)","matrix3D_scalar_product(float*, float, int, int)",1,"inst_integer","Integer Instructions",24750,24750,24750
"NVIDIA GeForce MX250 (0)","matrix3D_scalar_product(float*, float, int, int)",1,"inst_bit_convert","Bit-Convert Instructions",0,0,0
"NVIDIA GeForce MX250 (0)","matrix3D_scalar_product(float*, float, int, int)",1,"inst_control","Control-Flow Instructions",2250,2250,2250
"NVIDIA GeForce MX250 (0)","matrix3D_scalar_product(float*, float, int, int)",1,"inst_compute_ld_st","Load/Store Instructions",4500,4500,4500
"NVIDIA GeForce MX250 (0)","matrix3D_scalar_product(float*, float, int, int)",1,"inst_misc","Misc Instructions",11250,11250,11250
"NVIDIA GeForce MX250 (0)","matrix3D_scalar_product(float*, float, int, int)",1,"inst_inter_thread_communication","Inter-Thread Instructions",0,0,0
"NVIDIA GeForce MX250 (0)","matrix3D_scalar_product(float*, float, int, int)",1,"issue_slots","Issue Slots",1656,1656,1656
"NVIDIA GeForce MX250 (0)","matrix3D_scalar_product(float*, float, int, int)",1,"cf_issued","Issued Control-Flow Instructions",144,144,144
"NVIDIA GeForce MX250 (0)","matrix3D_scalar_product(float*, float, int, int)",1,"cf_executed","Executed Control-Flow Instructions",144,144,144
"NVIDIA GeForce MX250 (0)","matrix3D_scalar_product(float*, float, int, int)",1,"ldst_issued","Issued Load/Store Instructions",780,780,780
"NVIDIA GeForce MX250 (0)","matrix3D_scalar_product(float*, float, int, int)",1,"ldst_executed","Executed Load/Store Instructions",360,360,360
"NVIDIA GeForce MX250 (0)","matrix3D_scalar_product(float*, float, int, int)",1,"atomic_transactions","Atomic Transactions",0,0,0
"NVIDIA GeForce MX250 (0)","matrix3D_scalar_product(float*, float, int, int)",1,"atomic_transactions_per_request","Atomic Transactions Per Request",0.000000,0.000000,0.000000
"NVIDIA GeForce MX250 (0)","matrix3D_scalar_product(float*, float, int, int)",1,"l2_atomic_throughput","L2 Throughput (Atomic requests)",0.000000B/s,0.000000B/s,0.000000B/s
"NVIDIA GeForce MX250 (0)","matrix3D_scalar_product(float*, float, int, int)",1,"l2_atomic_transactions","L2 Transactions (Atomic requests)",0,0,0
"NVIDIA GeForce MX250 (0)","matrix3D_scalar_product(float*, float, int, int)",1,"l2_tex_read_transactions","L2 Transactions (Texture Reads)",330,330,330
"NVIDIA GeForce MX250 (0)","matrix3D_scalar_product(float*, float, int, int)",1,"stall_memory_throttle","Issue Stall Reasons (Memory Throttle)",2.525897%,2.525897%,2.525897%
"NVIDIA GeForce MX250 (0)","matrix3D_scalar_product(float*, float, int, int)",1,"stall_not_selected","Issue Stall Reasons (Not Selected)",1.065948%,1.065948%,1.065948%
"NVIDIA GeForce MX250 (0)","matrix3D_scalar_product(float*, float, int, int)",1,"l2_tex_write_transactions","L2 Transactions (Texture Writes)",330,330,330
"NVIDIA GeForce MX250 (0)","matrix3D_scalar_product(float*, float, int, int)",1,"flop_count_hp","Floating Point Operations(Half Precision)",0,0,0
"NVIDIA GeForce MX250 (0)","matrix3D_scalar_product(float*, float, int, int)",1,"flop_count_hp_add","Floating Point Operations(Half Precision Add)",0,0,0
"NVIDIA GeForce MX250 (0)","matrix3D_scalar_product(float*, float, int, int)",1,"flop_count_hp_mul","Floating Point Operation(Half Precision Mul)",0,0,0
"NVIDIA GeForce MX250 (0)","matrix3D_scalar_product(float*, float, int, int)",1,"flop_count_hp_fma","Floating Point Operations(Half Precision FMA)",0,0,0
"NVIDIA GeForce MX250 (0)","matrix3D_scalar_product(float*, float, int, int)",1,"inst_fp_16","HP Instructions(Half)",0,0,0
"NVIDIA GeForce MX250 (0)","matrix3D_scalar_product(float*, float, int, int)",1,"sysmem_read_utilization","System Memory Read Utilization","Idle (0)","Idle (0)","Idle (0)"
"NVIDIA GeForce MX250 (0)","matrix3D_scalar_product(float*, float, int, int)",1,"sysmem_write_utilization","System Memory Write Utilization","Low (1)","Low (1)","Low (1)"
"NVIDIA GeForce MX250 (0)","matrix3D_scalar_product(float*, float, int, int)",1,"pcie_total_data_transmitted","PCIe Total Data Transmitted",512,512,512
"NVIDIA GeForce MX250 (0)","matrix3D_scalar_product(float*, float, int, int)",1,"pcie_total_data_received","PCIe Total Data Received",0,0,0
"NVIDIA GeForce MX250 (0)","matrix3D_scalar_product(float*, float, int, int)",1,"inst_executed_global_loads","Warp level instructions for global loads",72,72,72
"NVIDIA GeForce MX250 (0)","matrix3D_scalar_product(float*, float, int, int)",1,"inst_executed_local_loads","Warp level instructions for local loads",0,0,0
"NVIDIA GeForce MX250 (0)","matrix3D_scalar_product(float*, float, int, int)",1,"inst_executed_shared_loads","Warp level instructions for shared loads",0,0,0
"NVIDIA GeForce MX250 (0)","matrix3D_scalar_product(float*, float, int, int)",1,"inst_executed_surface_loads","Warp level instructions for surface loads",0,0,0
"NVIDIA GeForce MX250 (0)","matrix3D_scalar_product(float*, float, int, int)",1,"inst_executed_global_stores","Warp level instructions for global stores",72,72,72
"NVIDIA GeForce MX250 (0)","matrix3D_scalar_product(float*, float, int, int)",1,"inst_executed_local_stores","Warp level instructions for local stores",0,0,0
"NVIDIA GeForce MX250 (0)","matrix3D_scalar_product(float*, float, int, int)",1,"inst_executed_shared_stores","Warp level instructions for shared stores",0,0,0
"NVIDIA GeForce MX250 (0)","matrix3D_scalar_product(float*, float, int, int)",1,"inst_executed_surface_stores","Warp level instructions for surface stores",0,0,0
"NVIDIA GeForce MX250 (0)","matrix3D_scalar_product(float*, float, int, int)",1,"inst_executed_global_atomics","Warp level instructions for global atom and atom cas",0,0,0
"NVIDIA GeForce MX250 (0)","matrix3D_scalar_product(float*, float, int, int)",1,"inst_executed_global_reductions","Warp level instructions for global reductions",0,0,0
"NVIDIA GeForce MX250 (0)","matrix3D_scalar_product(float*, float, int, int)",1,"inst_executed_surface_atomics","Warp level instructions for surface atom and atom cas",0,0,0
"NVIDIA GeForce MX250 (0)","matrix3D_scalar_product(float*, float, int, int)",1,"inst_executed_surface_reductions","Warp level instructions for surface reductions",0,0,0
"NVIDIA GeForce MX250 (0)","matrix3D_scalar_product(float*, float, int, int)",1,"inst_executed_shared_atomics","Warp level shared instructions for atom and atom CAS",0,0,0
"NVIDIA GeForce MX250 (0)","matrix3D_scalar_product(float*, float, int, int)",1,"inst_executed_tex_ops","Warp level instructions for texture",0,0,0
"NVIDIA GeForce MX250 (0)","matrix3D_scalar_product(float*, float, int, int)",1,"l2_global_load_bytes","Bytes read from L2 for misses in Unified Cache for global loads",10560,10560,10560
"NVIDIA GeForce MX250 (0)","matrix3D_scalar_product(float*, float, int, int)",1,"l2_local_load_bytes","Bytes read from L2 for misses in Unified Cache for local loads",0,0,0
"NVIDIA GeForce MX250 (0)","matrix3D_scalar_product(float*, float, int, int)",1,"l2_surface_load_bytes","Bytes read from L2 for misses in Unified Cache for surface loads",0,0,0
"NVIDIA GeForce MX250 (0)","matrix3D_scalar_product(float*, float, int, int)",1,"l2_local_global_store_bytes","Bytes written to L2 from Unified Cache for local and global stores.",10560,10560,10560
"NVIDIA GeForce MX250 (0)","matrix3D_scalar_product(float*, float, int, int)",1,"l2_global_reduction_bytes","Bytes written to L2 from Unified cache for global reductions",0,0,0
"NVIDIA GeForce MX250 (0)","matrix3D_scalar_product(float*, float, int, int)",1,"l2_global_atomic_store_bytes","Bytes written to L2 from Unified cache for global atomics",0,0,0
"NVIDIA GeForce MX250 (0)","matrix3D_scalar_product(float*, float, int, int)",1,"l2_surface_store_bytes","Bytes written to L2 from Unified Cache for surface stores.",0,0,0
"NVIDIA GeForce MX250 (0)","matrix3D_scalar_product(float*, float, int, int)",1,"l2_surface_reduction_bytes","Bytes written to L2 from Unified Cache for surface reductions",0,0,0
"NVIDIA GeForce MX250 (0)","matrix3D_scalar_product(float*, float, int, int)",1,"l2_surface_atomic_store_bytes","Bytes transferred between Unified Cache and L2 for surface atomics",0,0,0
"NVIDIA GeForce MX250 (0)","matrix3D_scalar_product(float*, float, int, int)",1,"global_load_requests","Total number of global load requests from Multiprocessor",282,282,282
"NVIDIA GeForce MX250 (0)","matrix3D_scalar_product(float*, float, int, int)",1,"local_load_requests","Total number of local load requests from Multiprocessor",0,0,0
"NVIDIA GeForce MX250 (0)","matrix3D_scalar_product(float*, float, int, int)",1,"surface_load_requests","Total number of surface load requests from Multiprocessor",0,0,0
"NVIDIA GeForce MX250 (0)","matrix3D_scalar_product(float*, float, int, int)",1,"global_store_requests","Total number of global store requests from Multiprocessor",282,282,282
"NVIDIA GeForce MX250 (0)","matrix3D_scalar_product(float*, float, int, int)",1,"local_store_requests","Total number of local store requests from Multiprocessor",0,0,0
"NVIDIA GeForce MX250 (0)","matrix3D_scalar_product(float*, float, int, int)",1,"surface_store_requests","Total number of surface store requests from Multiprocessor",0,0,0
"NVIDIA GeForce MX250 (0)","matrix3D_scalar_product(float*, float, int, int)",1,"global_atomic_requests","Total number of global atomic requests from Multiprocessor",0,0,0
"NVIDIA GeForce MX250 (0)","matrix3D_scalar_product(float*, float, int, int)",1,"global_reduction_requests","Total number of global reduction requests from Multiprocessor",0,0,0
"NVIDIA GeForce MX250 (0)","matrix3D_scalar_product(float*, float, int, int)",1,"surface_atomic_requests","Total number of surface atomic requests from Multiprocessor",0,0,0
"NVIDIA GeForce MX250 (0)","matrix3D_scalar_product(float*, float, int, int)",1,"surface_reduction_requests","Total number of surface reduction requests from Multiprocessor",0,0,0
"NVIDIA GeForce MX250 (0)","matrix3D_scalar_product(float*, float, int, int)",1,"sysmem_read_bytes","System Memory Read Bytes",0,0,0
"NVIDIA GeForce MX250 (0)","matrix3D_scalar_product(float*, float, int, int)",1,"sysmem_write_bytes","System Memory Write Bytes",160,160,160
"NVIDIA GeForce MX250 (0)","matrix3D_scalar_product(float*, float, int, int)",1,"l2_tex_hit_rate","L2 Cache Hit Rate",100.000000%,100.000000%,100.000000%
"NVIDIA GeForce MX250 (0)","matrix3D_scalar_product(float*, float, int, int)",1,"texture_load_requests","Total number of texture Load requests from Multiprocessor",0,0,0
"NVIDIA GeForce MX250 (0)","matrix3D_scalar_product(float*, float, int, int)",1,"unique_warps_launched","Number of warps launched",72,72,72
"NVIDIA GeForce MX250 (0)","matrix3D_scalar_product(float*, float, int, int)",1,"sm_efficiency","Multiprocessor Activity",17.729383%,17.729383%,17.729383%
"NVIDIA GeForce MX250 (0)","matrix3D_scalar_product(float*, float, int, int)",1,"achieved_occupancy","Achieved Occupancy",0.352005,0.352005,0.352005
"NVIDIA GeForce MX250 (0)","matrix3D_scalar_product(float*, float, int, int)",1,"ipc","Executed IPC",0.557728,0.557728,0.557728
"NVIDIA GeForce MX250 (0)","matrix3D_scalar_product(float*, float, int, int)",1,"issued_ipc","Issued IPC",0.610845,0.610845,0.610845
"NVIDIA GeForce MX250 (0)","matrix3D_scalar_product(float*, float, int, int)",1,"issue_slot_utilization","Issue Slot Utilization",15.271118%,15.271118%,15.271118%
"NVIDIA GeForce MX250 (0)","matrix3D_scalar_product(float*, float, int, int)",1,"eligible_warps_per_cycle","Eligible Warps Per Active Cycle",0.882029,0.882029,0.882029
"NVIDIA GeForce MX250 (0)","matrix3D_scalar_product(float*, float, int, int)",1,"tex_utilization","Unified Cache Utilization","Low (1)","Low (1)","Low (1)"
"NVIDIA GeForce MX250 (0)","matrix3D_scalar_product(float*, float, int, int)",1,"l2_utilization","L2 Cache Utilization","Low (1)","Low (1)","Low (1)"
"NVIDIA GeForce MX250 (0)","matrix3D_scalar_product(float*, float, int, int)",1,"shared_utilization","Shared Memory Utilization","Idle (0)","Idle (0)","Idle (0)"
"NVIDIA GeForce MX250 (0)","matrix3D_scalar_product(float*, float, int, int)",1,"ldst_fu_utilization","Load/Store Function Unit Utilization","Low (1)","Low (1)","Low (1)"
"NVIDIA GeForce MX250 (0)","matrix3D_scalar_product(float*, float, int, int)",1,"cf_fu_utilization","Control-Flow Function Unit Utilization","Low (1)","Low (1)","Low (1)"
"NVIDIA GeForce MX250 (0)","matrix3D_scalar_product(float*, float, int, int)",1,"special_fu_utilization","Special Function Unit Utilization","Idle (0)","Idle (0)","Idle (0)"
"NVIDIA GeForce MX250 (0)","matrix3D_scalar_product(float*, float, int, int)",1,"tex_fu_utilization","Texture Function Unit Utilization","Low (1)","Low (1)","Low (1)"
"NVIDIA GeForce MX250 (0)","matrix3D_scalar_product(float*, float, int, int)",1,"single_precision_fu_utilization","Single-Precision Function Unit Utilization","Low (1)","Low (1)","Low (1)"
"NVIDIA GeForce MX250 (0)","matrix3D_scalar_product(float*, float, int, int)",1,"double_precision_fu_utilization","Double-Precision Function Unit Utilization","Idle (0)","Idle (0)","Idle (0)"
"NVIDIA GeForce MX250 (0)","matrix3D_scalar_product(float*, float, int, int)",1,"flop_hp_efficiency","FLOP Efficiency(Peak Half)",0.000000%,0.000000%,0.000000%
"NVIDIA GeForce MX250 (0)","matrix3D_scalar_product(float*, float, int, int)",1,"flop_sp_efficiency","FLOP Efficiency(Peak Single)",0.056340%,0.056340%,0.056340%
"NVIDIA GeForce MX250 (0)","matrix3D_scalar_product(float*, float, int, int)",1,"flop_dp_efficiency","FLOP Efficiency(Peak Double)",0.000000%,0.000000%,0.000000%
"NVIDIA GeForce MX250 (0)","matrix3D_scalar_product(float*, float, int, int)",1,"dram_read_transactions","Device Memory Read Transactions",0,0,0
"NVIDIA GeForce MX250 (0)","matrix3D_scalar_product(float*, float, int, int)",1,"dram_write_transactions","Device Memory Write Transactions",0,0,0
"NVIDIA GeForce MX250 (0)","matrix3D_scalar_product(float*, float, int, int)",1,"dram_read_throughput","Device Memory Read Throughput",0.000000B/s,0.000000B/s,0.000000B/s
"NVIDIA GeForce MX250 (0)","matrix3D_scalar_product(float*, float, int, int)",1,"dram_write_throughput","Device Memory Write Throughput",0.000000B/s,0.000000B/s,0.000000B/s
"NVIDIA GeForce MX250 (0)","matrix3D_scalar_product(float*, float, int, int)",1,"dram_utilization","Device Memory Utilization","Idle (0)","Idle (0)","Idle (0)"
"NVIDIA GeForce MX250 (0)","matrix3D_scalar_product(float*, float, int, int)",1,"half_precision_fu_utilization","Half-Precision Function Unit Utilization","Idle (0)","Idle (0)","Idle (0)"
"NVIDIA GeForce MX250 (0)","matrix3D_scalar_product(float*, float, int, int)",1,"ecc_transactions","ECC Transactions",0,0,0
"NVIDIA GeForce MX250 (0)","matrix3D_scalar_product(float*, float, int, int)",1,"ecc_throughput","ECC Throughput",0.000000B/s,0.000000B/s,0.000000B/s
"NVIDIA GeForce MX250 (0)","matrix3D_scalar_product(float*, float, int, int)",1,"dram_read_bytes","Total bytes read from DRAM to L2 cache",0,0,0
"NVIDIA GeForce MX250 (0)","matrix3D_scalar_product(float*, float, int, int)",1,"dram_write_bytes","Total bytes written from L2 cache to DRAM",0,0,0
