==24088== NVPROF is profiling process 24088, command: runnable.exe
==24088== Some kernel(s) will be replayed on device 0 in order to collect all events/metrics.
==24088== Profiling application: runnable.exe
==24088== Profiling result:
==24088== Event result:
"Device","Kernel","Invocations","Event Name","Min","Max","Avg","Total"
"NVIDIA GeForce MX250 (0)","matrix_product(float*, float*, float*, int, int, int)",1,"tex0_cache_sector_queries",3147,3147,3147,3147
"NVIDIA GeForce MX250 (0)","matrix_product(float*, float*, float*, int, int, int)",1,"tex1_cache_sector_queries",3378,3378,3378,3378
"NVIDIA GeForce MX250 (0)","matrix_product(float*, float*, float*, int, int, int)",1,"tex0_cache_sector_misses",1297,1297,1297,1297
"NVIDIA GeForce MX250 (0)","matrix_product(float*, float*, float*, int, int, int)",1,"tex1_cache_sector_misses",1403,1403,1403,1403
"NVIDIA GeForce MX250 (0)","matrix_product(float*, float*, float*, int, int, int)",1,"fb_subp0_read_sectors",0,0,0,0
"NVIDIA GeForce MX250 (0)","matrix_product(float*, float*, float*, int, int, int)",1,"fb_subp1_read_sectors",0,0,0,0
"NVIDIA GeForce MX250 (0)","matrix_product(float*, float*, float*, int, int, int)",1,"fb_subp0_write_sectors",0,0,0,0
"NVIDIA GeForce MX250 (0)","matrix_product(float*, float*, float*, int, int, int)",1,"fb_subp1_write_sectors",0,0,0,0
"NVIDIA GeForce MX250 (0)","matrix_product(float*, float*, float*, int, int, int)",1,"l2_subp0_write_sector_misses",0,0,0,0
"NVIDIA GeForce MX250 (0)","matrix_product(float*, float*, float*, int, int, int)",1,"l2_subp1_write_sector_misses",0,0,0,0
"NVIDIA GeForce MX250 (0)","matrix_product(float*, float*, float*, int, int, int)",1,"l2_subp0_read_sector_misses",0,0,0,0
"NVIDIA GeForce MX250 (0)","matrix_product(float*, float*, float*, int, int, int)",1,"l2_subp1_read_sector_misses",0,0,0,0
"NVIDIA GeForce MX250 (0)","matrix_product(float*, float*, float*, int, int, int)",1,"l2_subp0_read_tex_sector_queries",1230,1230,1230,1230
"NVIDIA GeForce MX250 (0)","matrix_product(float*, float*, float*, int, int, int)",1,"l2_subp1_read_tex_sector_queries",1320,1320,1320,1320
"NVIDIA GeForce MX250 (0)","matrix_product(float*, float*, float*, int, int, int)",1,"l2_subp0_write_tex_sector_queries",35,35,35,35
"NVIDIA GeForce MX250 (0)","matrix_product(float*, float*, float*, int, int, int)",1,"l2_subp1_write_tex_sector_queries",40,40,40,40
"NVIDIA GeForce MX250 (0)","matrix_product(float*, float*, float*, int, int, int)",1,"l2_subp0_read_tex_hit_sectors",1230,1230,1230,1230
"NVIDIA GeForce MX250 (0)","matrix_product(float*, float*, float*, int, int, int)",1,"l2_subp1_read_tex_hit_sectors",1320,1320,1320,1320
"NVIDIA GeForce MX250 (0)","matrix_product(float*, float*, float*, int, int, int)",1,"l2_subp0_write_tex_hit_sectors",35,35,35,35
"NVIDIA GeForce MX250 (0)","matrix_product(float*, float*, float*, int, int, int)",1,"l2_subp1_write_tex_hit_sectors",40,40,40,40
"NVIDIA GeForce MX250 (0)","matrix_product(float*, float*, float*, int, int, int)",1,"l2_subp0_total_read_sector_queries",1238,1238,1238,1238
"NVIDIA GeForce MX250 (0)","matrix_product(float*, float*, float*, int, int, int)",1,"l2_subp1_total_read_sector_queries",1350,1350,1350,1350
"NVIDIA GeForce MX250 (0)","matrix_product(float*, float*, float*, int, int, int)",1,"l2_subp0_total_write_sector_queries",47,47,47,47
"NVIDIA GeForce MX250 (0)","matrix_product(float*, float*, float*, int, int, int)",1,"l2_subp1_total_write_sector_queries",41,41,41,41
"NVIDIA GeForce MX250 (0)","matrix_product(float*, float*, float*, int, int, int)",1,"l2_subp0_read_sysmem_sector_queries",0,0,0,0
"NVIDIA GeForce MX250 (0)","matrix_product(float*, float*, float*, int, int, int)",1,"l2_subp1_read_sysmem_sector_queries",22,22,22,22
"NVIDIA GeForce MX250 (0)","matrix_product(float*, float*, float*, int, int, int)",1,"l2_subp0_write_sysmem_sector_queries",4,4,4,4
"NVIDIA GeForce MX250 (0)","matrix_product(float*, float*, float*, int, int, int)",1,"l2_subp1_write_sysmem_sector_queries",1,1,1,1
"NVIDIA GeForce MX250 (0)","matrix_product(float*, float*, float*, int, int, int)",1,"elapsed_cycles_sm",23553,23553,23553,23553
"NVIDIA GeForce MX250 (0)","matrix_product(float*, float*, float*, int, int, int)",1,"gld_inst_8bit",0,0,0,0
"NVIDIA GeForce MX250 (0)","matrix_product(float*, float*, float*, int, int, int)",1,"gld_inst_16bit",0,0,0,0
"NVIDIA GeForce MX250 (0)","matrix_product(float*, float*, float*, int, int, int)",1,"gld_inst_32bit",30000,30000,30000,30000
"NVIDIA GeForce MX250 (0)","matrix_product(float*, float*, float*, int, int, int)",1,"gld_inst_64bit",0,0,0,0
"NVIDIA GeForce MX250 (0)","matrix_product(float*, float*, float*, int, int, int)",1,"gld_inst_128bit",0,0,0,0
"NVIDIA GeForce MX250 (0)","matrix_product(float*, float*, float*, int, int, int)",1,"gst_inst_8bit",0,0,0,0
"NVIDIA GeForce MX250 (0)","matrix_product(float*, float*, float*, int, int, int)",1,"gst_inst_16bit",0,0,0,0
"NVIDIA GeForce MX250 (0)","matrix_product(float*, float*, float*, int, int, int)",1,"gst_inst_32bit",600,600,600,600
"NVIDIA GeForce MX250 (0)","matrix_product(float*, float*, float*, int, int, int)",1,"gst_inst_64bit",0,0,0,0
"NVIDIA GeForce MX250 (0)","matrix_product(float*, float*, float*, int, int, int)",1,"gst_inst_128bit",0,0,0,0
"NVIDIA GeForce MX250 (0)","matrix_product(float*, float*, float*, int, int, int)",1,"prof_trigger_00",0,0,0,0
"NVIDIA GeForce MX250 (0)","matrix_product(float*, float*, float*, int, int, int)",1,"prof_trigger_01",0,0,0,0
"NVIDIA GeForce MX250 (0)","matrix_product(float*, float*, float*, int, int, int)",1,"prof_trigger_02",0,0,0,0
"NVIDIA GeForce MX250 (0)","matrix_product(float*, float*, float*, int, int, int)",1,"prof_trigger_03",0,0,0,0
"NVIDIA GeForce MX250 (0)","matrix_product(float*, float*, float*, int, int, int)",1,"prof_trigger_04",0,0,0,0
"NVIDIA GeForce MX250 (0)","matrix_product(float*, float*, float*, int, int, int)",1,"prof_trigger_05",0,0,0,0
"NVIDIA GeForce MX250 (0)","matrix_product(float*, float*, float*, int, int, int)",1,"prof_trigger_06",0,0,0,0
"NVIDIA GeForce MX250 (0)","matrix_product(float*, float*, float*, int, int, int)",1,"prof_trigger_07",0,0,0,0
"NVIDIA GeForce MX250 (0)","matrix_product(float*, float*, float*, int, int, int)",1,"warps_launched",19,19,19,19
"NVIDIA GeForce MX250 (0)","matrix_product(float*, float*, float*, int, int, int)",1,"inst_issued0",8343,8343,8343,8343
"NVIDIA GeForce MX250 (0)","matrix_product(float*, float*, float*, int, int, int)",1,"inst_issued1",3002,3002,3002,3002
"NVIDIA GeForce MX250 (0)","matrix_product(float*, float*, float*, int, int, int)",1,"inst_issued2",969,969,969,969
"NVIDIA GeForce MX250 (0)","matrix_product(float*, float*, float*, int, int, int)",1,"inst_executed",4883,4883,4883,4883
"NVIDIA GeForce MX250 (0)","matrix_product(float*, float*, float*, int, int, int)",1,"thread_inst_executed",154200,154200,154200,154200
"NVIDIA GeForce MX250 (0)","matrix_product(float*, float*, float*, int, int, int)",1,"not_predicated_off_thread_inst_executed",148800,148800,148800,148800
"NVIDIA GeForce MX250 (0)","matrix_product(float*, float*, float*, int, int, int)",1,"active_cycles",3487,3487,3487,3487
"NVIDIA GeForce MX250 (0)","matrix_product(float*, float*, float*, int, int, int)",1,"active_warps",61794,61794,61794,61794
"NVIDIA GeForce MX250 (0)","matrix_product(float*, float*, float*, int, int, int)",1,"global_load",950,950,950,950
"NVIDIA GeForce MX250 (0)","matrix_product(float*, float*, float*, int, int, int)",1,"global_store",19,19,19,19
"NVIDIA GeForce MX250 (0)","matrix_product(float*, float*, float*, int, int, int)",1,"generic_load",0,0,0,0
"NVIDIA GeForce MX250 (0)","matrix_product(float*, float*, float*, int, int, int)",1,"generic_store",0,0,0,0
"NVIDIA GeForce MX250 (0)","matrix_product(float*, float*, float*, int, int, int)",1,"inst_executed_in_trap",0,0,0,0
"NVIDIA GeForce MX250 (0)","matrix_product(float*, float*, float*, int, int, int)",1,"active_cycles_in_trap",0,0,0,0
"NVIDIA GeForce MX250 (0)","matrix_product(float*, float*, float*, int, int, int)",1,"local_store",0,0,0,0
"NVIDIA GeForce MX250 (0)","matrix_product(float*, float*, float*, int, int, int)",1,"local_load",0,0,0,0
"NVIDIA GeForce MX250 (0)","matrix_product(float*, float*, float*, int, int, int)",1,"shared_load",0,0,0,0
"NVIDIA GeForce MX250 (0)","matrix_product(float*, float*, float*, int, int, int)",1,"shared_store",0,0,0,0
"NVIDIA GeForce MX250 (0)","matrix_product(float*, float*, float*, int, int, int)",1,"inst_executed_shared_atom_cas",0,0,0,0
"NVIDIA GeForce MX250 (0)","matrix_product(float*, float*, float*, int, int, int)",1,"shared_atom",0,0,0,0
"NVIDIA GeForce MX250 (0)","matrix_product(float*, float*, float*, int, int, int)",1,"global_atom_cas",0,0,0,0
"NVIDIA GeForce MX250 (0)","matrix_product(float*, float*, float*, int, int, int)",1,"atom_count",0,0,0,0
"NVIDIA GeForce MX250 (0)","matrix_product(float*, float*, float*, int, int, int)",1,"gred_count",0,0,0,0
"NVIDIA GeForce MX250 (0)","matrix_product(float*, float*, float*, int, int, int)",1,"divergent_branch",0,0,0,0
"NVIDIA GeForce MX250 (0)","matrix_product(float*, float*, float*, int, int, int)",1,"branch",209,209,209,209
"NVIDIA GeForce MX250 (0)","matrix_product(float*, float*, float*, int, int, int)",1,"shared_ld_bank_conflict",0,0,0,0
"NVIDIA GeForce MX250 (0)","matrix_product(float*, float*, float*, int, int, int)",1,"shared_st_bank_conflict",0,0,0,0
"NVIDIA GeForce MX250 (0)","matrix_product(float*, float*, float*, int, int, int)",1,"shared_ld_transactions",0,0,0,0
"NVIDIA GeForce MX250 (0)","matrix_product(float*, float*, float*, int, int, int)",1,"shared_st_transactions",0,0,0,0
"NVIDIA GeForce MX250 (0)","matrix_product(float*, float*, float*, int, int, int)",1,"active_cycles_pm",3449,3449,3449,3449
"NVIDIA GeForce MX250 (0)","matrix_product(float*, float*, float*, int, int, int)",1,"active_warps_pm",61220,61220,61220,61220
"NVIDIA GeForce MX250 (0)","matrix_product(float*, float*, float*, int, int, int)",1,"elapsed_cycles_pm",22842,22842,22842,22842

==24088== Metric result:
"Device","Kernel","Invocations","Metric Name","Metric Description","Min","Max","Avg"
"NVIDIA GeForce MX250 (0)","matrix_product(float*, float*, float*, int, int, int)",1,"inst_per_warp","Instructions per warp",257.000000,257.000000,257.000000
"NVIDIA GeForce MX250 (0)","matrix_product(float*, float*, float*, int, int, int)",1,"branch_efficiency","Branch Efficiency",100.000000%,100.000000%,100.000000%
"NVIDIA GeForce MX250 (0)","matrix_product(float*, float*, float*, int, int, int)",1,"warp_execution_efficiency","Warp Execution Efficiency",98.684211%,98.684211%,98.684211%
"NVIDIA GeForce MX250 (0)","matrix_product(float*, float*, float*, int, int, int)",1,"warp_nonpred_execution_efficiency","Warp Non-Predicated Execution Efficiency",95.228343%,95.228343%,95.228343%
"NVIDIA GeForce MX250 (0)","matrix_product(float*, float*, float*, int, int, int)",1,"inst_replay_overhead","Instruction Replay Overhead",0.011673,0.011673,0.011673
"NVIDIA GeForce MX250 (0)","matrix_product(float*, float*, float*, int, int, int)",1,"shared_load_transactions_per_request","Shared Memory Load Transactions Per Request",0.000000,0.000000,0.000000
"NVIDIA GeForce MX250 (0)","matrix_product(float*, float*, float*, int, int, int)",1,"shared_store_transactions_per_request","Shared Memory Store Transactions Per Request",0.000000,0.000000,0.000000
"NVIDIA GeForce MX250 (0)","matrix_product(float*, float*, float*, int, int, int)",1,"local_load_transactions_per_request","Local Memory Load Transactions Per Request",0.000000,0.000000,0.000000
"NVIDIA GeForce MX250 (0)","matrix_product(float*, float*, float*, int, int, int)",1,"local_store_transactions_per_request","Local Memory Store Transactions Per Request",0.000000,0.000000,0.000000
"NVIDIA GeForce MX250 (0)","matrix_product(float*, float*, float*, int, int, int)",1,"gld_transactions_per_request","Global Load Transactions Per Request",16.002105,16.002105,16.002105
"NVIDIA GeForce MX250 (0)","matrix_product(float*, float*, float*, int, int, int)",1,"gst_transactions_per_request","Global Store Transactions Per Request",3.947368,3.947368,3.947368
"NVIDIA GeForce MX250 (0)","matrix_product(float*, float*, float*, int, int, int)",1,"shared_store_transactions","Shared Store Transactions",0,0,0
"NVIDIA GeForce MX250 (0)","matrix_product(float*, float*, float*, int, int, int)",1,"shared_load_transactions","Shared Load Transactions",0,0,0
"NVIDIA GeForce MX250 (0)","matrix_product(float*, float*, float*, int, int, int)",1,"local_load_transactions","Local Load Transactions",0,0,0
"NVIDIA GeForce MX250 (0)","matrix_product(float*, float*, float*, int, int, int)",1,"local_store_transactions","Local Store Transactions",0,0,0
"NVIDIA GeForce MX250 (0)","matrix_product(float*, float*, float*, int, int, int)",1,"gld_transactions","Global Load Transactions",15202,15202,15202
"NVIDIA GeForce MX250 (0)","matrix_product(float*, float*, float*, int, int, int)",1,"gst_transactions","Global Store Transactions",75,75,75
"NVIDIA GeForce MX250 (0)","matrix_product(float*, float*, float*, int, int, int)",1,"sysmem_read_transactions","System Memory Read Transactions",0,0,0
"NVIDIA GeForce MX250 (0)","matrix_product(float*, float*, float*, int, int, int)",1,"sysmem_write_transactions","System Memory Write Transactions",5,5,5
"NVIDIA GeForce MX250 (0)","matrix_product(float*, float*, float*, int, int, int)",1,"l2_read_transactions","L2 Read Transactions",2588,2588,2588
"NVIDIA GeForce MX250 (0)","matrix_product(float*, float*, float*, int, int, int)",1,"l2_write_transactions","L2 Write Transactions",88,88,88
"NVIDIA GeForce MX250 (0)","matrix_product(float*, float*, float*, int, int, int)",1,"global_hit_rate","Global Hit Rate in unified l1/tex",0.000000%,0.000000%,0.000000%
"NVIDIA GeForce MX250 (0)","matrix_product(float*, float*, float*, int, int, int)",1,"local_hit_rate","Local Hit Rate",0.000000%,0.000000%,0.000000%
"NVIDIA GeForce MX250 (0)","matrix_product(float*, float*, float*, int, int, int)",1,"gld_requested_throughput","Requested Global Load Throughput",10.524118GB/s,10.524118GB/s,10.524118GB/s
"NVIDIA GeForce MX250 (0)","matrix_product(float*, float*, float*, int, int, int)",1,"gst_requested_throughput","Requested Global Store Throughput",608.566434MB/s,608.566434MB/s,608.566180MB/s
"NVIDIA GeForce MX250 (0)","matrix_product(float*, float*, float*, int, int, int)",1,"gld_throughput","Global Load Throughput",20.206307GB/s,20.206307GB/s,20.206307GB/s
"NVIDIA GeForce MX250 (0)","matrix_product(float*, float*, float*, int, int, int)",1,"gst_throughput","Global Store Throughput",608.566434MB/s,608.566434MB/s,608.566180MB/s
"NVIDIA GeForce MX250 (0)","matrix_product(float*, float*, float*, int, int, int)",1,"local_memory_overhead","Local Memory Overhead",0.000000%,0.000000%,0.000000%
"NVIDIA GeForce MX250 (0)","matrix_product(float*, float*, float*, int, int, int)",1,"tex_cache_hit_rate","Unified Cache Hit Rate",59.770115%,59.770115%,59.770115%
"NVIDIA GeForce MX250 (0)","matrix_product(float*, float*, float*, int, int, int)",1,"l2_tex_read_hit_rate","L2 Hit Rate (Texture Reads)",100.000000%,100.000000%,100.000000%
"NVIDIA GeForce MX250 (0)","matrix_product(float*, float*, float*, int, int, int)",1,"l2_tex_write_hit_rate","L2 Hit Rate (Texture Writes)",100.000000%,100.000000%,100.000000%
"NVIDIA GeForce MX250 (0)","matrix_product(float*, float*, float*, int, int, int)",1,"tex_cache_throughput","Unified Cache Throughput",30.111360GB/s,30.111360GB/s,30.111360GB/s
"NVIDIA GeForce MX250 (0)","matrix_product(float*, float*, float*, int, int, int)",1,"l2_tex_read_throughput","L2 Throughput (Texture Reads)",20.206307GB/s,20.206307GB/s,20.206307GB/s
"NVIDIA GeForce MX250 (0)","matrix_product(float*, float*, float*, int, int, int)",1,"l2_tex_write_throughput","L2 Throughput (Texture Writes)",608.566434MB/s,608.566434MB/s,608.566180MB/s
"NVIDIA GeForce MX250 (0)","matrix_product(float*, float*, float*, int, int, int)",1,"l2_read_throughput","L2 Throughput (Reads)",20.507421GB/s,20.507421GB/s,20.507421GB/s
"NVIDIA GeForce MX250 (0)","matrix_product(float*, float*, float*, int, int, int)",1,"l2_write_throughput","L2 Throughput (Writes)",714.051283MB/s,714.051283MB/s,714.051029MB/s
"NVIDIA GeForce MX250 (0)","matrix_product(float*, float*, float*, int, int, int)",1,"sysmem_read_throughput","System Memory Read Throughput",0.000000B/s,0.000000B/s,0.000000B/s
"NVIDIA GeForce MX250 (0)","matrix_product(float*, float*, float*, int, int, int)",1,"sysmem_write_throughput","System Memory Write Throughput",40.571095MB/s,40.571095MB/s,40.570842MB/s
"NVIDIA GeForce MX250 (0)","matrix_product(float*, float*, float*, int, int, int)",1,"local_load_throughput","Local Memory Load Throughput",0.000000B/s,0.000000B/s,0.000000B/s
"NVIDIA GeForce MX250 (0)","matrix_product(float*, float*, float*, int, int, int)",1,"local_store_throughput","Local Memory Store Throughput",0.000000B/s,0.000000B/s,0.000000B/s
"NVIDIA GeForce MX250 (0)","matrix_product(float*, float*, float*, int, int, int)",1,"shared_load_throughput","Shared Memory Load Throughput",0.000000B/s,0.000000B/s,0.000000B/s
"NVIDIA GeForce MX250 (0)","matrix_product(float*, float*, float*, int, int, int)",1,"shared_store_throughput","Shared Memory Store Throughput",0.000000B/s,0.000000B/s,0.000000B/s
"NVIDIA GeForce MX250 (0)","matrix_product(float*, float*, float*, int, int, int)",1,"gld_efficiency","Global Memory Load Efficiency",52.083333%,52.083333%,52.083333%
"NVIDIA GeForce MX250 (0)","matrix_product(float*, float*, float*, int, int, int)",1,"gst_efficiency","Global Memory Store Efficiency",100.000000%,100.000000%,100.000000%
"NVIDIA GeForce MX250 (0)","matrix_product(float*, float*, float*, int, int, int)",1,"tex_cache_transactions","Unified Cache Transactions",3800,3800,3800
"NVIDIA GeForce MX250 (0)","matrix_product(float*, float*, float*, int, int, int)",1,"flop_count_dp","Floating Point Operations(Double Precision)",0,0,0
"NVIDIA GeForce MX250 (0)","matrix_product(float*, float*, float*, int, int, int)",1,"flop_count_dp_add","Floating Point Operations(Double Precision Add)",0,0,0
"NVIDIA GeForce MX250 (0)","matrix_product(float*, float*, float*, int, int, int)",1,"flop_count_dp_fma","Floating Point Operations(Double Precision FMA)",0,0,0
"NVIDIA GeForce MX250 (0)","matrix_product(float*, float*, float*, int, int, int)",1,"flop_count_dp_mul","Floating Point Operations(Double Precision Mul)",0,0,0
"NVIDIA GeForce MX250 (0)","matrix_product(float*, float*, float*, int, int, int)",1,"flop_count_sp","Floating Point Operations(Single Precision)",30000,30000,30000
"NVIDIA GeForce MX250 (0)","matrix_product(float*, float*, float*, int, int, int)",1,"flop_count_sp_add","Floating Point Operations(Single Precision Add)",0,0,0
"NVIDIA GeForce MX250 (0)","matrix_product(float*, float*, float*, int, int, int)",1,"flop_count_sp_fma","Floating Point Operations(Single Precision FMA)",15000,15000,15000
"NVIDIA GeForce MX250 (0)","matrix_product(float*, float*, float*, int, int, int)",1,"flop_count_sp_mul","Floating Point Operation(Single Precision Mul)",0,0,0
"NVIDIA GeForce MX250 (0)","matrix_product(float*, float*, float*, int, int, int)",1,"flop_count_sp_special","Floating Point Operations(Single Precision Special)",0,0,0
"NVIDIA GeForce MX250 (0)","matrix_product(float*, float*, float*, int, int, int)",1,"inst_executed","Instructions Executed",4883,4883,4883
"NVIDIA GeForce MX250 (0)","matrix_product(float*, float*, float*, int, int, int)",1,"inst_issued","Instructions Issued",4940,4940,4940
"NVIDIA GeForce MX250 (0)","matrix_product(float*, float*, float*, int, int, int)",1,"sysmem_utilization","System Memory Utilization","Low (1)","Low (1)","Low (1)"
"NVIDIA GeForce MX250 (0)","matrix_product(float*, float*, float*, int, int, int)",1,"stall_inst_fetch","Issue Stall Reasons (Instructions Fetch)",4.666960%,4.666960%,4.666960%
"NVIDIA GeForce MX250 (0)","matrix_product(float*, float*, float*, int, int, int)",1,"stall_exec_dependency","Issue Stall Reasons (Execution Dependency)",36.260838%,36.260838%,36.260838%
"NVIDIA GeForce MX250 (0)","matrix_product(float*, float*, float*, int, int, int)",1,"stall_memory_dependency","Issue Stall Reasons (Data Request)",33.461861%,33.461861%,33.461861%
"NVIDIA GeForce MX250 (0)","matrix_product(float*, float*, float*, int, int, int)",1,"stall_texture","Issue Stall Reasons (Texture)",0.493467%,0.493467%,0.493467%
"NVIDIA GeForce MX250 (0)","matrix_product(float*, float*, float*, int, int, int)",1,"stall_sync","Issue Stall Reasons (Synchronization)",0.000000%,0.000000%,0.000000%
"NVIDIA GeForce MX250 (0)","matrix_product(float*, float*, float*, int, int, int)",1,"stall_other","Issue Stall Reasons (Other)",8.676629%,8.676629%,8.676629%
"NVIDIA GeForce MX250 (0)","matrix_product(float*, float*, float*, int, int, int)",1,"stall_constant_memory_dependency","Issue Stall Reasons (Immediate constant)",11.477604%,11.477604%,11.477604%
"NVIDIA GeForce MX250 (0)","matrix_product(float*, float*, float*, int, int, int)",1,"stall_pipe_busy","Issue Stall Reasons (Pipe Busy)",1.504375%,1.504375%,1.504375%
"NVIDIA GeForce MX250 (0)","matrix_product(float*, float*, float*, int, int, int)",1,"shared_efficiency","Shared Memory Efficiency",0.000000%,0.000000%,0.000000%
"NVIDIA GeForce MX250 (0)","matrix_product(float*, float*, float*, int, int, int)",1,"inst_fp_32","FP Instructions(Single)",15000,15000,15000
"NVIDIA GeForce MX250 (0)","matrix_product(float*, float*, float*, int, int, int)",1,"inst_fp_64","FP Instructions(Double)",0,0,0
"NVIDIA GeForce MX250 (0)","matrix_product(float*, float*, float*, int, int, int)",1,"inst_integer","Integer Instructions",73800,73800,73800
"NVIDIA GeForce MX250 (0)","matrix_product(float*, float*, float*, int, int, int)",1,"inst_bit_convert","Bit-Convert Instructions",0,0,0
"NVIDIA GeForce MX250 (0)","matrix_product(float*, float*, float*, int, int, int)",1,"inst_control","Control-Flow Instructions",1200,1200,1200
"NVIDIA GeForce MX250 (0)","matrix_product(float*, float*, float*, int, int, int)",1,"inst_compute_ld_st","Load/Store Instructions",30600,30600,30600
"NVIDIA GeForce MX250 (0)","matrix_product(float*, float*, float*, int, int, int)",1,"inst_misc","Misc Instructions",28200,28200,28200
"NVIDIA GeForce MX250 (0)","matrix_product(float*, float*, float*, int, int, int)",1,"inst_inter_thread_communication","Inter-Thread Instructions",0,0,0
"NVIDIA GeForce MX250 (0)","matrix_product(float*, float*, float*, int, int, int)",1,"issue_slots","Issue Slots",3971,3971,3971
"NVIDIA GeForce MX250 (0)","matrix_product(float*, float*, float*, int, int, int)",1,"cf_issued","Issued Control-Flow Instructions",209,209,209
"NVIDIA GeForce MX250 (0)","matrix_product(float*, float*, float*, int, int, int)",1,"cf_executed","Executed Control-Flow Instructions",209,209,209
"NVIDIA GeForce MX250 (0)","matrix_product(float*, float*, float*, int, int, int)",1,"ldst_issued","Issued Load/Store Instructions",3952,3952,3952
"NVIDIA GeForce MX250 (0)","matrix_product(float*, float*, float*, int, int, int)",1,"ldst_executed","Executed Load/Store Instructions",1045,1045,1045
"NVIDIA GeForce MX250 (0)","matrix_product(float*, float*, float*, int, int, int)",1,"atomic_transactions","Atomic Transactions",0,0,0
"NVIDIA GeForce MX250 (0)","matrix_product(float*, float*, float*, int, int, int)",1,"atomic_transactions_per_request","Atomic Transactions Per Request",0.000000,0.000000,0.000000
"NVIDIA GeForce MX250 (0)","matrix_product(float*, float*, float*, int, int, int)",1,"l2_atomic_throughput","L2 Throughput (Atomic requests)",0.000000B/s,0.000000B/s,0.000000B/s
"NVIDIA GeForce MX250 (0)","matrix_product(float*, float*, float*, int, int, int)",1,"l2_atomic_transactions","L2 Transactions (Atomic requests)",0,0,0
"NVIDIA GeForce MX250 (0)","matrix_product(float*, float*, float*, int, int, int)",1,"l2_tex_read_transactions","L2 Transactions (Texture Reads)",2550,2550,2550
"NVIDIA GeForce MX250 (0)","matrix_product(float*, float*, float*, int, int, int)",1,"stall_memory_throttle","Issue Stall Reasons (Memory Throttle)",0.551404%,0.551404%,0.551404%
"NVIDIA GeForce MX250 (0)","matrix_product(float*, float*, float*, int, int, int)",1,"stall_not_selected","Issue Stall Reasons (Not Selected)",2.906861%,2.906861%,2.906861%
"NVIDIA GeForce MX250 (0)","matrix_product(float*, float*, float*, int, int, int)",1,"l2_tex_write_transactions","L2 Transactions (Texture Writes)",75,75,75
"NVIDIA GeForce MX250 (0)","matrix_product(float*, float*, float*, int, int, int)",1,"flop_count_hp","Floating Point Operations(Half Precision)",0,0,0
"NVIDIA GeForce MX250 (0)","matrix_product(float*, float*, float*, int, int, int)",1,"flop_count_hp_add","Floating Point Operations(Half Precision Add)",0,0,0
"NVIDIA GeForce MX250 (0)","matrix_product(float*, float*, float*, int, int, int)",1,"flop_count_hp_mul","Floating Point Operation(Half Precision Mul)",0,0,0
"NVIDIA GeForce MX250 (0)","matrix_product(float*, float*, float*, int, int, int)",1,"flop_count_hp_fma","Floating Point Operations(Half Precision FMA)",0,0,0
"NVIDIA GeForce MX250 (0)","matrix_product(float*, float*, float*, int, int, int)",1,"inst_fp_16","HP Instructions(Half)",0,0,0
"NVIDIA GeForce MX250 (0)","matrix_product(float*, float*, float*, int, int, int)",1,"sysmem_read_utilization","System Memory Read Utilization","Idle (0)","Idle (0)","Idle (0)"
"NVIDIA GeForce MX250 (0)","matrix_product(float*, float*, float*, int, int, int)",1,"sysmem_write_utilization","System Memory Write Utilization","Low (1)","Low (1)","Low (1)"
"NVIDIA GeForce MX250 (0)","matrix_product(float*, float*, float*, int, int, int)",1,"pcie_total_data_transmitted","PCIe Total Data Transmitted",0,0,0
"NVIDIA GeForce MX250 (0)","matrix_product(float*, float*, float*, int, int, int)",1,"pcie_total_data_received","PCIe Total Data Received",512,512,512
"NVIDIA GeForce MX250 (0)","matrix_product(float*, float*, float*, int, int, int)",1,"inst_executed_global_loads","Warp level instructions for global loads",950,950,950
"NVIDIA GeForce MX250 (0)","matrix_product(float*, float*, float*, int, int, int)",1,"inst_executed_local_loads","Warp level instructions for local loads",0,0,0
"NVIDIA GeForce MX250 (0)","matrix_product(float*, float*, float*, int, int, int)",1,"inst_executed_shared_loads","Warp level instructions for shared loads",0,0,0
"NVIDIA GeForce MX250 (0)","matrix_product(float*, float*, float*, int, int, int)",1,"inst_executed_surface_loads","Warp level instructions for surface loads",0,0,0
"NVIDIA GeForce MX250 (0)","matrix_product(float*, float*, float*, int, int, int)",1,"inst_executed_global_stores","Warp level instructions for global stores",19,19,19
"NVIDIA GeForce MX250 (0)","matrix_product(float*, float*, float*, int, int, int)",1,"inst_executed_local_stores","Warp level instructions for local stores",0,0,0
"NVIDIA GeForce MX250 (0)","matrix_product(float*, float*, float*, int, int, int)",1,"inst_executed_shared_stores","Warp level instructions for shared stores",0,0,0
"NVIDIA GeForce MX250 (0)","matrix_product(float*, float*, float*, int, int, int)",1,"inst_executed_surface_stores","Warp level instructions for surface stores",0,0,0
"NVIDIA GeForce MX250 (0)","matrix_product(float*, float*, float*, int, int, int)",1,"inst_executed_global_atomics","Warp level instructions for global atom and atom cas",0,0,0
"NVIDIA GeForce MX250 (0)","matrix_product(float*, float*, float*, int, int, int)",1,"inst_executed_global_reductions","Warp level instructions for global reductions",0,0,0
"NVIDIA GeForce MX250 (0)","matrix_product(float*, float*, float*, int, int, int)",1,"inst_executed_surface_atomics","Warp level instructions for surface atom and atom cas",0,0,0
"NVIDIA GeForce MX250 (0)","matrix_product(float*, float*, float*, int, int, int)",1,"inst_executed_surface_reductions","Warp level instructions for surface reductions",0,0,0
"NVIDIA GeForce MX250 (0)","matrix_product(float*, float*, float*, int, int, int)",1,"inst_executed_shared_atomics","Warp level shared instructions for atom and atom CAS",0,0,0
"NVIDIA GeForce MX250 (0)","matrix_product(float*, float*, float*, int, int, int)",1,"inst_executed_tex_ops","Warp level instructions for texture",0,0,0
"NVIDIA GeForce MX250 (0)","matrix_product(float*, float*, float*, int, int, int)",1,"l2_global_load_bytes","Bytes read from L2 for misses in Unified Cache for global loads",81600,81600,81600
"NVIDIA GeForce MX250 (0)","matrix_product(float*, float*, float*, int, int, int)",1,"l2_local_load_bytes","Bytes read from L2 for misses in Unified Cache for local loads",0,0,0
"NVIDIA GeForce MX250 (0)","matrix_product(float*, float*, float*, int, int, int)",1,"l2_surface_load_bytes","Bytes read from L2 for misses in Unified Cache for surface loads",0,0,0
"NVIDIA GeForce MX250 (0)","matrix_product(float*, float*, float*, int, int, int)",1,"l2_local_global_store_bytes","Bytes written to L2 from Unified Cache for local and global stores.",2400,2400,2400
"NVIDIA GeForce MX250 (0)","matrix_product(float*, float*, float*, int, int, int)",1,"l2_global_reduction_bytes","Bytes written to L2 from Unified cache for global reductions",0,0,0
"NVIDIA GeForce MX250 (0)","matrix_product(float*, float*, float*, int, int, int)",1,"l2_global_atomic_store_bytes","Bytes written to L2 from Unified cache for global atomics",0,0,0
"NVIDIA GeForce MX250 (0)","matrix_product(float*, float*, float*, int, int, int)",1,"l2_surface_store_bytes","Bytes written to L2 from Unified Cache for surface stores.",0,0,0
"NVIDIA GeForce MX250 (0)","matrix_product(float*, float*, float*, int, int, int)",1,"l2_surface_reduction_bytes","Bytes written to L2 from Unified Cache for surface reductions",0,0,0
"NVIDIA GeForce MX250 (0)","matrix_product(float*, float*, float*, int, int, int)",1,"l2_surface_atomic_store_bytes","Bytes transferred between Unified Cache and L2 for surface atomics",0,0,0
"NVIDIA GeForce MX250 (0)","matrix_product(float*, float*, float*, int, int, int)",1,"global_load_requests","Total number of global load requests from Multiprocessor",3800,3800,3800
"NVIDIA GeForce MX250 (0)","matrix_product(float*, float*, float*, int, int, int)",1,"local_load_requests","Total number of local load requests from Multiprocessor",0,0,0
"NVIDIA GeForce MX250 (0)","matrix_product(float*, float*, float*, int, int, int)",1,"surface_load_requests","Total number of surface load requests from Multiprocessor",0,0,0
"NVIDIA GeForce MX250 (0)","matrix_product(float*, float*, float*, int, int, int)",1,"global_store_requests","Total number of global store requests from Multiprocessor",76,76,76
"NVIDIA GeForce MX250 (0)","matrix_product(float*, float*, float*, int, int, int)",1,"local_store_requests","Total number of local store requests from Multiprocessor",0,0,0
"NVIDIA GeForce MX250 (0)","matrix_product(float*, float*, float*, int, int, int)",1,"surface_store_requests","Total number of surface store requests from Multiprocessor",0,0,0
"NVIDIA GeForce MX250 (0)","matrix_product(float*, float*, float*, int, int, int)",1,"global_atomic_requests","Total number of global atomic requests from Multiprocessor",0,0,0
"NVIDIA GeForce MX250 (0)","matrix_product(float*, float*, float*, int, int, int)",1,"global_reduction_requests","Total number of global reduction requests from Multiprocessor",0,0,0
"NVIDIA GeForce MX250 (0)","matrix_product(float*, float*, float*, int, int, int)",1,"surface_atomic_requests","Total number of surface atomic requests from Multiprocessor",0,0,0
"NVIDIA GeForce MX250 (0)","matrix_product(float*, float*, float*, int, int, int)",1,"surface_reduction_requests","Total number of surface reduction requests from Multiprocessor",0,0,0
"NVIDIA GeForce MX250 (0)","matrix_product(float*, float*, float*, int, int, int)",1,"sysmem_read_bytes","System Memory Read Bytes",0,0,0
"NVIDIA GeForce MX250 (0)","matrix_product(float*, float*, float*, int, int, int)",1,"sysmem_write_bytes","System Memory Write Bytes",160,160,160
"NVIDIA GeForce MX250 (0)","matrix_product(float*, float*, float*, int, int, int)",1,"l2_tex_hit_rate","L2 Cache Hit Rate",100.000000%,100.000000%,100.000000%
"NVIDIA GeForce MX250 (0)","matrix_product(float*, float*, float*, int, int, int)",1,"texture_load_requests","Total number of texture Load requests from Multiprocessor",0,0,0
"NVIDIA GeForce MX250 (0)","matrix_product(float*, float*, float*, int, int, int)",1,"unique_warps_launched","Number of warps launched",19,19,19
"NVIDIA GeForce MX250 (0)","matrix_product(float*, float*, float*, int, int, int)",1,"sm_efficiency","Multiprocessor Activity",14.566038%,14.566038%,14.566038%
"NVIDIA GeForce MX250 (0)","matrix_product(float*, float*, float*, int, int, int)",1,"achieved_occupancy","Achieved Occupancy",0.276895,0.276895,0.276895
"NVIDIA GeForce MX250 (0)","matrix_product(float*, float*, float*, int, int, int)",1,"ipc","Executed IPC",1.405584,1.405584,1.405584
"NVIDIA GeForce MX250 (0)","matrix_product(float*, float*, float*, int, int, int)",1,"issued_ipc","Issued IPC",1.442757,1.442757,1.442757
"NVIDIA GeForce MX250 (0)","matrix_product(float*, float*, float*, int, int, int)",1,"issue_slot_utilization","Issue Slot Utilization",28.993867%,28.993867%,28.993867%
"NVIDIA GeForce MX250 (0)","matrix_product(float*, float*, float*, int, int, int)",1,"eligible_warps_per_cycle","Eligible Warps Per Active Cycle",1.584696,1.584696,1.584696
"NVIDIA GeForce MX250 (0)","matrix_product(float*, float*, float*, int, int, int)",1,"tex_utilization","Unified Cache Utilization","Low (1)","Low (1)","Low (1)"
"NVIDIA GeForce MX250 (0)","matrix_product(float*, float*, float*, int, int, int)",1,"l2_utilization","L2 Cache Utilization","Low (1)","Low (1)","Low (1)"
"NVIDIA GeForce MX250 (0)","matrix_product(float*, float*, float*, int, int, int)",1,"shared_utilization","Shared Memory Utilization","Idle (0)","Idle (0)","Idle (0)"
"NVIDIA GeForce MX250 (0)","matrix_product(float*, float*, float*, int, int, int)",1,"ldst_fu_utilization","Load/Store Function Unit Utilization","Low (1)","Low (1)","Low (1)"
"NVIDIA GeForce MX250 (0)","matrix_product(float*, float*, float*, int, int, int)",1,"cf_fu_utilization","Control-Flow Function Unit Utilization","Low (1)","Low (1)","Low (1)"
"NVIDIA GeForce MX250 (0)","matrix_product(float*, float*, float*, int, int, int)",1,"special_fu_utilization","Special Function Unit Utilization","Idle (0)","Idle (0)","Idle (0)"
"NVIDIA GeForce MX250 (0)","matrix_product(float*, float*, float*, int, int, int)",1,"tex_fu_utilization","Texture Function Unit Utilization","Mid (6)","Mid (6)","Mid (6)"
"NVIDIA GeForce MX250 (0)","matrix_product(float*, float*, float*, int, int, int)",1,"single_precision_fu_utilization","Single-Precision Function Unit Utilization","Low (3)","Low (3)","Low (3)"
"NVIDIA GeForce MX250 (0)","matrix_product(float*, float*, float*, int, int, int)",1,"double_precision_fu_utilization","Double-Precision Function Unit Utilization","Idle (0)","Idle (0)","Idle (0)"
"NVIDIA GeForce MX250 (0)","matrix_product(float*, float*, float*, int, int, int)",1,"flop_hp_efficiency","FLOP Efficiency(Peak Half)",0.000000%,0.000000%,0.000000%
"NVIDIA GeForce MX250 (0)","matrix_product(float*, float*, float*, int, int, int)",1,"flop_sp_efficiency","FLOP Efficiency(Peak Single)",0.497548%,0.497548%,0.497548%
"NVIDIA GeForce MX250 (0)","matrix_product(float*, float*, float*, int, int, int)",1,"flop_dp_efficiency","FLOP Efficiency(Peak Double)",0.000000%,0.000000%,0.000000%
"NVIDIA GeForce MX250 (0)","matrix_product(float*, float*, float*, int, int, int)",1,"dram_read_transactions","Device Memory Read Transactions",0,0,0
"NVIDIA GeForce MX250 (0)","matrix_product(float*, float*, float*, int, int, int)",1,"dram_write_transactions","Device Memory Write Transactions",0,0,0
"NVIDIA GeForce MX250 (0)","matrix_product(float*, float*, float*, int, int, int)",1,"dram_read_throughput","Device Memory Read Throughput",0.000000B/s,0.000000B/s,0.000000B/s
"NVIDIA GeForce MX250 (0)","matrix_product(float*, float*, float*, int, int, int)",1,"dram_write_throughput","Device Memory Write Throughput",0.000000B/s,0.000000B/s,0.000000B/s
"NVIDIA GeForce MX250 (0)","matrix_product(float*, float*, float*, int, int, int)",1,"dram_utilization","Device Memory Utilization","Idle (0)","Idle (0)","Idle (0)"
"NVIDIA GeForce MX250 (0)","matrix_product(float*, float*, float*, int, int, int)",1,"half_precision_fu_utilization","Half-Precision Function Unit Utilization","Idle (0)","Idle (0)","Idle (0)"
"NVIDIA GeForce MX250 (0)","matrix_product(float*, float*, float*, int, int, int)",1,"ecc_transactions","ECC Transactions",0,0,0
"NVIDIA GeForce MX250 (0)","matrix_product(float*, float*, float*, int, int, int)",1,"ecc_throughput","ECC Throughput",0.000000B/s,0.000000B/s,0.000000B/s
"NVIDIA GeForce MX250 (0)","matrix_product(float*, float*, float*, int, int, int)",1,"dram_read_bytes","Total bytes read from DRAM to L2 cache",0,0,0
"NVIDIA GeForce MX250 (0)","matrix_product(float*, float*, float*, int, int, int)",1,"dram_write_bytes","Total bytes written from L2 cache to DRAM",0,0,0
