==10988== NVPROF is profiling process 10988, command: runnable.exe
==10988== Some kernel(s) will be replayed on device 0 in order to collect all events/metrics.
==10988== Profiling application: runnable.exe
==10988== Profiling result:
==10988== Event result:
"Device","Kernel","Invocations","Event Name","Min","Max","Avg","Total"
"NVIDIA GeForce MX250 (0)","convolution_3D_shared(float*, float*, float*, int, int, int, int, int, int, int, int, int, int)",1,"tex0_cache_sector_queries",1389,1389,1389,1389
"NVIDIA GeForce MX250 (0)","convolution_3D_shared(float*, float*, float*, int, int, int, int, int, int, int, int, int, int)",1,"tex1_cache_sector_queries",1394,1394,1394,1394
"NVIDIA GeForce MX250 (0)","convolution_3D_shared(float*, float*, float*, int, int, int, int, int, int, int, int, int, int)",1,"tex0_cache_sector_misses",994,994,994,994
"NVIDIA GeForce MX250 (0)","convolution_3D_shared(float*, float*, float*, int, int, int, int, int, int, int, int, int, int)",1,"tex1_cache_sector_misses",995,995,995,995
"NVIDIA GeForce MX250 (0)","convolution_3D_shared(float*, float*, float*, int, int, int, int, int, int, int, int, int, int)",1,"fb_subp0_read_sectors",0,0,0,0
"NVIDIA GeForce MX250 (0)","convolution_3D_shared(float*, float*, float*, int, int, int, int, int, int, int, int, int, int)",1,"fb_subp1_read_sectors",0,0,0,0
"NVIDIA GeForce MX250 (0)","convolution_3D_shared(float*, float*, float*, int, int, int, int, int, int, int, int, int, int)",1,"fb_subp0_write_sectors",49,49,49,49
"NVIDIA GeForce MX250 (0)","convolution_3D_shared(float*, float*, float*, int, int, int, int, int, int, int, int, int, int)",1,"fb_subp1_write_sectors",36,36,36,36
"NVIDIA GeForce MX250 (0)","convolution_3D_shared(float*, float*, float*, int, int, int, int, int, int, int, int, int, int)",1,"l2_subp0_write_sector_misses",49,49,49,49
"NVIDIA GeForce MX250 (0)","convolution_3D_shared(float*, float*, float*, int, int, int, int, int, int, int, int, int, int)",1,"l2_subp1_write_sector_misses",36,36,36,36
"NVIDIA GeForce MX250 (0)","convolution_3D_shared(float*, float*, float*, int, int, int, int, int, int, int, int, int, int)",1,"l2_subp0_read_sector_misses",0,0,0,0
"NVIDIA GeForce MX250 (0)","convolution_3D_shared(float*, float*, float*, int, int, int, int, int, int, int, int, int, int)",1,"l2_subp1_read_sector_misses",0,0,0,0
"NVIDIA GeForce MX250 (0)","convolution_3D_shared(float*, float*, float*, int, int, int, int, int, int, int, int, int, int)",1,"l2_subp0_read_tex_sector_queries",403,403,403,403
"NVIDIA GeForce MX250 (0)","convolution_3D_shared(float*, float*, float*, int, int, int, int, int, int, int, int, int, int)",1,"l2_subp1_read_tex_sector_queries",410,410,410,410
"NVIDIA GeForce MX250 (0)","convolution_3D_shared(float*, float*, float*, int, int, int, int, int, int, int, int, int, int)",1,"l2_subp0_write_tex_sector_queries",338,338,338,338
"NVIDIA GeForce MX250 (0)","convolution_3D_shared(float*, float*, float*, int, int, int, int, int, int, int, int, int, int)",1,"l2_subp1_write_tex_sector_queries",334,334,334,334
"NVIDIA GeForce MX250 (0)","convolution_3D_shared(float*, float*, float*, int, int, int, int, int, int, int, int, int, int)",1,"l2_subp0_read_tex_hit_sectors",403,403,403,403
"NVIDIA GeForce MX250 (0)","convolution_3D_shared(float*, float*, float*, int, int, int, int, int, int, int, int, int, int)",1,"l2_subp1_read_tex_hit_sectors",410,410,410,410
"NVIDIA GeForce MX250 (0)","convolution_3D_shared(float*, float*, float*, int, int, int, int, int, int, int, int, int, int)",1,"l2_subp0_write_tex_hit_sectors",338,338,338,338
"NVIDIA GeForce MX250 (0)","convolution_3D_shared(float*, float*, float*, int, int, int, int, int, int, int, int, int, int)",1,"l2_subp1_write_tex_hit_sectors",334,334,334,334
"NVIDIA GeForce MX250 (0)","convolution_3D_shared(float*, float*, float*, int, int, int, int, int, int, int, int, int, int)",1,"l2_subp0_total_read_sector_queries",458,458,458,458
"NVIDIA GeForce MX250 (0)","convolution_3D_shared(float*, float*, float*, int, int, int, int, int, int, int, int, int, int)",1,"l2_subp1_total_read_sector_queries",418,418,418,418
"NVIDIA GeForce MX250 (0)","convolution_3D_shared(float*, float*, float*, int, int, int, int, int, int, int, int, int, int)",1,"l2_subp0_total_write_sector_queries",351,351,351,351
"NVIDIA GeForce MX250 (0)","convolution_3D_shared(float*, float*, float*, int, int, int, int, int, int, int, int, int, int)",1,"l2_subp1_total_write_sector_queries",334,334,334,334
"NVIDIA GeForce MX250 (0)","convolution_3D_shared(float*, float*, float*, int, int, int, int, int, int, int, int, int, int)",1,"l2_subp0_read_sysmem_sector_queries",49,49,49,49
"NVIDIA GeForce MX250 (0)","convolution_3D_shared(float*, float*, float*, int, int, int, int, int, int, int, int, int, int)",1,"l2_subp1_read_sysmem_sector_queries",0,0,0,0
"NVIDIA GeForce MX250 (0)","convolution_3D_shared(float*, float*, float*, int, int, int, int, int, int, int, int, int, int)",1,"l2_subp0_write_sysmem_sector_queries",5,5,5,5
"NVIDIA GeForce MX250 (0)","convolution_3D_shared(float*, float*, float*, int, int, int, int, int, int, int, int, int, int)",1,"l2_subp1_write_sysmem_sector_queries",0,0,0,0
"NVIDIA GeForce MX250 (0)","convolution_3D_shared(float*, float*, float*, int, int, int, int, int, int, int, int, int, int)",1,"elapsed_cycles_sm",38079,38079,38079,38079
"NVIDIA GeForce MX250 (0)","convolution_3D_shared(float*, float*, float*, int, int, int, int, int, int, int, int, int, int)",1,"gld_inst_8bit",0,0,0,0
"NVIDIA GeForce MX250 (0)","convolution_3D_shared(float*, float*, float*, int, int, int, int, int, int, int, int, int, int)",1,"gld_inst_16bit",0,0,0,0
"NVIDIA GeForce MX250 (0)","convolution_3D_shared(float*, float*, float*, int, int, int, int, int, int, int, int, int, int)",1,"gld_inst_32bit",6294,6294,6294,6294
"NVIDIA GeForce MX250 (0)","convolution_3D_shared(float*, float*, float*, int, int, int, int, int, int, int, int, int, int)",1,"gld_inst_64bit",0,0,0,0
"NVIDIA GeForce MX250 (0)","convolution_3D_shared(float*, float*, float*, int, int, int, int, int, int, int, int, int, int)",1,"gld_inst_128bit",0,0,0,0
"NVIDIA GeForce MX250 (0)","convolution_3D_shared(float*, float*, float*, int, int, int, int, int, int, int, int, int, int)",1,"gst_inst_8bit",0,0,0,0
"NVIDIA GeForce MX250 (0)","convolution_3D_shared(float*, float*, float*, int, int, int, int, int, int, int, int, int, int)",1,"gst_inst_16bit",0,0,0,0
"NVIDIA GeForce MX250 (0)","convolution_3D_shared(float*, float*, float*, int, int, int, int, int, int, int, int, int, int)",1,"gst_inst_32bit",4704,4704,4704,4704
"NVIDIA GeForce MX250 (0)","convolution_3D_shared(float*, float*, float*, int, int, int, int, int, int, int, int, int, int)",1,"gst_inst_64bit",0,0,0,0
"NVIDIA GeForce MX250 (0)","convolution_3D_shared(float*, float*, float*, int, int, int, int, int, int, int, int, int, int)",1,"gst_inst_128bit",0,0,0,0
"NVIDIA GeForce MX250 (0)","convolution_3D_shared(float*, float*, float*, int, int, int, int, int, int, int, int, int, int)",1,"prof_trigger_00",0,0,0,0
"NVIDIA GeForce MX250 (0)","convolution_3D_shared(float*, float*, float*, int, int, int, int, int, int, int, int, int, int)",1,"prof_trigger_01",0,0,0,0
"NVIDIA GeForce MX250 (0)","convolution_3D_shared(float*, float*, float*, int, int, int, int, int, int, int, int, int, int)",1,"prof_trigger_02",0,0,0,0
"NVIDIA GeForce MX250 (0)","convolution_3D_shared(float*, float*, float*, int, int, int, int, int, int, int, int, int, int)",1,"prof_trigger_03",0,0,0,0
"NVIDIA GeForce MX250 (0)","convolution_3D_shared(float*, float*, float*, int, int, int, int, int, int, int, int, int, int)",1,"prof_trigger_04",0,0,0,0
"NVIDIA GeForce MX250 (0)","convolution_3D_shared(float*, float*, float*, int, int, int, int, int, int, int, int, int, int)",1,"prof_trigger_05",0,0,0,0
"NVIDIA GeForce MX250 (0)","convolution_3D_shared(float*, float*, float*, int, int, int, int, int, int, int, int, int, int)",1,"prof_trigger_06",0,0,0,0
"NVIDIA GeForce MX250 (0)","convolution_3D_shared(float*, float*, float*, int, int, int, int, int, int, int, int, int, int)",1,"prof_trigger_07",0,0,0,0
"NVIDIA GeForce MX250 (0)","convolution_3D_shared(float*, float*, float*, int, int, int, int, int, int, int, int, int, int)",1,"warps_launched",192,192,192,192
"NVIDIA GeForce MX250 (0)","convolution_3D_shared(float*, float*, float*, int, int, int, int, int, int, int, int, int, int)",1,"inst_issued0",21982,21982,21982,21982
"NVIDIA GeForce MX250 (0)","convolution_3D_shared(float*, float*, float*, int, int, int, int, int, int, int, int, int, int)",1,"inst_issued1",66756,66756,66756,66756
"NVIDIA GeForce MX250 (0)","convolution_3D_shared(float*, float*, float*, int, int, int, int, int, int, int, int, int, int)",1,"inst_issued2",8334,8334,8334,8334
"NVIDIA GeForce MX250 (0)","convolution_3D_shared(float*, float*, float*, int, int, int, int, int, int, int, int, int, int)",1,"inst_executed",82464,82464,82464,82464
"NVIDIA GeForce MX250 (0)","convolution_3D_shared(float*, float*, float*, int, int, int, int, int, int, int, int, int, int)",1,"thread_inst_executed",2328240,2328240,2328240,2328240
"NVIDIA GeForce MX250 (0)","convolution_3D_shared(float*, float*, float*, int, int, int, int, int, int, int, int, int, int)",1,"not_predicated_off_thread_inst_executed",2221422,2221422,2221422,2221422
"NVIDIA GeForce MX250 (0)","convolution_3D_shared(float*, float*, float*, int, int, int, int, int, int, int, int, int, int)",1,"active_cycles",24492,24492,24492,24492
"NVIDIA GeForce MX250 (0)","convolution_3D_shared(float*, float*, float*, int, int, int, int, int, int, int, int, int, int)",1,"active_warps",1211070,1211070,1211070,1211070
"NVIDIA GeForce MX250 (0)","convolution_3D_shared(float*, float*, float*, int, int, int, int, int, int, int, int, int, int)",1,"global_load",222,222,222,222
"NVIDIA GeForce MX250 (0)","convolution_3D_shared(float*, float*, float*, int, int, int, int, int, int, int, int, int, int)",1,"global_store",168,168,168,168
"NVIDIA GeForce MX250 (0)","convolution_3D_shared(float*, float*, float*, int, int, int, int, int, int, int, int, int, int)",1,"generic_load",0,0,0,0
"NVIDIA GeForce MX250 (0)","convolution_3D_shared(float*, float*, float*, int, int, int, int, int, int, int, int, int, int)",1,"generic_store",0,0,0,0
"NVIDIA GeForce MX250 (0)","convolution_3D_shared(float*, float*, float*, int, int, int, int, int, int, int, int, int, int)",1,"inst_executed_in_trap",0,0,0,0
"NVIDIA GeForce MX250 (0)","convolution_3D_shared(float*, float*, float*, int, int, int, int, int, int, int, int, int, int)",1,"active_cycles_in_trap",0,0,0,0
"NVIDIA GeForce MX250 (0)","convolution_3D_shared(float*, float*, float*, int, int, int, int, int, int, int, int, int, int)",1,"local_store",0,0,0,0
"NVIDIA GeForce MX250 (0)","convolution_3D_shared(float*, float*, float*, int, int, int, int, int, int, int, int, int, int)",1,"local_load",0,0,0,0
"NVIDIA GeForce MX250 (0)","convolution_3D_shared(float*, float*, float*, int, int, int, int, int, int, int, int, int, int)",1,"shared_load",8400,8400,8400,8400
"NVIDIA GeForce MX250 (0)","convolution_3D_shared(float*, float*, float*, int, int, int, int, int, int, int, int, int, int)",1,"shared_store",222,222,222,222
"NVIDIA GeForce MX250 (0)","convolution_3D_shared(float*, float*, float*, int, int, int, int, int, int, int, int, int, int)",1,"inst_executed_shared_atom_cas",0,0,0,0
"NVIDIA GeForce MX250 (0)","convolution_3D_shared(float*, float*, float*, int, int, int, int, int, int, int, int, int, int)",1,"shared_atom",0,0,0,0
"NVIDIA GeForce MX250 (0)","convolution_3D_shared(float*, float*, float*, int, int, int, int, int, int, int, int, int, int)",1,"global_atom_cas",0,0,0,0
"NVIDIA GeForce MX250 (0)","convolution_3D_shared(float*, float*, float*, int, int, int, int, int, int, int, int, int, int)",1,"atom_count",0,0,0,0
"NVIDIA GeForce MX250 (0)","convolution_3D_shared(float*, float*, float*, int, int, int, int, int, int, int, int, int, int)",1,"gred_count",0,0,0,0
"NVIDIA GeForce MX250 (0)","convolution_3D_shared(float*, float*, float*, int, int, int, int, int, int, int, int, int, int)",1,"divergent_branch",0,0,0,0
"NVIDIA GeForce MX250 (0)","convolution_3D_shared(float*, float*, float*, int, int, int, int, int, int, int, int, int, int)",1,"branch",5952,5952,5952,5952
"NVIDIA GeForce MX250 (0)","convolution_3D_shared(float*, float*, float*, int, int, int, int, int, int, int, int, int, int)",1,"shared_ld_bank_conflict",0,0,0,0
"NVIDIA GeForce MX250 (0)","convolution_3D_shared(float*, float*, float*, int, int, int, int, int, int, int, int, int, int)",1,"shared_st_bank_conflict",0,0,0,0
"NVIDIA GeForce MX250 (0)","convolution_3D_shared(float*, float*, float*, int, int, int, int, int, int, int, int, int, int)",1,"shared_ld_transactions",8400,8400,8400,8400
"NVIDIA GeForce MX250 (0)","convolution_3D_shared(float*, float*, float*, int, int, int, int, int, int, int, int, int, int)",1,"shared_st_transactions",222,222,222,222
"NVIDIA GeForce MX250 (0)","convolution_3D_shared(float*, float*, float*, int, int, int, int, int, int, int, int, int, int)",1,"active_cycles_pm",24648,24648,24648,24648
"NVIDIA GeForce MX250 (0)","convolution_3D_shared(float*, float*, float*, int, int, int, int, int, int, int, int, int, int)",1,"active_warps_pm",1163784,1163784,1163784,1163784
"NVIDIA GeForce MX250 (0)","convolution_3D_shared(float*, float*, float*, int, int, int, int, int, int, int, int, int, int)",1,"elapsed_cycles_pm",37749,37749,37749,37749

==10988== Metric result:
"Device","Kernel","Invocations","Metric Name","Metric Description","Min","Max","Avg"
"NVIDIA GeForce MX250 (0)","convolution_3D_shared(float*, float*, float*, int, int, int, int, int, int, int, int, int, int)",1,"inst_per_warp","Instructions per warp",429.500000,429.500000,429.500000
"NVIDIA GeForce MX250 (0)","convolution_3D_shared(float*, float*, float*, int, int, int, int, int, int, int, int, int, int)",1,"branch_efficiency","Branch Efficiency",100.000000%,100.000000%,100.000000%
"NVIDIA GeForce MX250 (0)","convolution_3D_shared(float*, float*, float*, int, int, int, int, int, int, int, int, int, int)",1,"warp_execution_efficiency","Warp Execution Efficiency",88.229409%,88.229409%,88.229409%
"NVIDIA GeForce MX250 (0)","convolution_3D_shared(float*, float*, float*, int, int, int, int, int, int, int, int, int, int)",1,"warp_nonpred_execution_efficiency","Warp Non-Predicated Execution Efficiency",84.181506%,84.181506%,84.181506%
"NVIDIA GeForce MX250 (0)","convolution_3D_shared(float*, float*, float*, int, int, int, int, int, int, int, int, int, int)",1,"inst_replay_overhead","Instruction Replay Overhead",0.011641,0.011641,0.011641
"NVIDIA GeForce MX250 (0)","convolution_3D_shared(float*, float*, float*, int, int, int, int, int, int, int, int, int, int)",1,"shared_load_transactions_per_request","Shared Memory Load Transactions Per Request",1.000000,1.000000,1.000000
"NVIDIA GeForce MX250 (0)","convolution_3D_shared(float*, float*, float*, int, int, int, int, int, int, int, int, int, int)",1,"shared_store_transactions_per_request","Shared Memory Store Transactions Per Request",1.000000,1.000000,1.000000
"NVIDIA GeForce MX250 (0)","convolution_3D_shared(float*, float*, float*, int, int, int, int, int, int, int, int, int, int)",1,"local_load_transactions_per_request","Local Memory Load Transactions Per Request",0.000000,0.000000,0.000000
"NVIDIA GeForce MX250 (0)","convolution_3D_shared(float*, float*, float*, int, int, int, int, int, int, int, int, int, int)",1,"local_store_transactions_per_request","Local Memory Store Transactions Per Request",0.000000,0.000000,0.000000
"NVIDIA GeForce MX250 (0)","convolution_3D_shared(float*, float*, float*, int, int, int, int, int, int, int, int, int, int)",1,"gld_transactions_per_request","Global Load Transactions Per Request",14.927928,14.927928,14.927928
"NVIDIA GeForce MX250 (0)","convolution_3D_shared(float*, float*, float*, int, int, int, int, int, int, int, int, int, int)",1,"gst_transactions_per_request","Global Store Transactions Per Request",4.000000,4.000000,4.000000
"NVIDIA GeForce MX250 (0)","convolution_3D_shared(float*, float*, float*, int, int, int, int, int, int, int, int, int, int)",1,"shared_store_transactions","Shared Store Transactions",222,222,222
"NVIDIA GeForce MX250 (0)","convolution_3D_shared(float*, float*, float*, int, int, int, int, int, int, int, int, int, int)",1,"shared_load_transactions","Shared Load Transactions",8400,8400,8400
"NVIDIA GeForce MX250 (0)","convolution_3D_shared(float*, float*, float*, int, int, int, int, int, int, int, int, int, int)",1,"local_load_transactions","Local Load Transactions",0,0,0
"NVIDIA GeForce MX250 (0)","convolution_3D_shared(float*, float*, float*, int, int, int, int, int, int, int, int, int, int)",1,"local_store_transactions","Local Store Transactions",0,0,0
"NVIDIA GeForce MX250 (0)","convolution_3D_shared(float*, float*, float*, int, int, int, int, int, int, int, int, int, int)",1,"gld_transactions","Global Load Transactions",3314,3314,3314
"NVIDIA GeForce MX250 (0)","convolution_3D_shared(float*, float*, float*, int, int, int, int, int, int, int, int, int, int)",1,"gst_transactions","Global Store Transactions",672,672,672
"NVIDIA GeForce MX250 (0)","convolution_3D_shared(float*, float*, float*, int, int, int, int, int, int, int, int, int, int)",1,"sysmem_read_transactions","System Memory Read Transactions",0,0,0
"NVIDIA GeForce MX250 (0)","convolution_3D_shared(float*, float*, float*, int, int, int, int, int, int, int, int, int, int)",1,"sysmem_write_transactions","System Memory Write Transactions",5,5,5
"NVIDIA GeForce MX250 (0)","convolution_3D_shared(float*, float*, float*, int, int, int, int, int, int, int, int, int, int)",1,"l2_read_transactions","L2 Read Transactions",876,876,876
"NVIDIA GeForce MX250 (0)","convolution_3D_shared(float*, float*, float*, int, int, int, int, int, int, int, int, int, int)",1,"l2_write_transactions","L2 Write Transactions",685,685,685
"NVIDIA GeForce MX250 (0)","convolution_3D_shared(float*, float*, float*, int, int, int, int, int, int, int, int, int, int)",1,"global_hit_rate","Global Hit Rate in unified l1/tex",0.000000%,0.000000%,0.000000%
"NVIDIA GeForce MX250 (0)","convolution_3D_shared(float*, float*, float*, int, int, int, int, int, int, int, int, int, int)",1,"local_hit_rate","Local Hit Rate",0.000000%,0.000000%,0.000000%
"NVIDIA GeForce MX250 (0)","convolution_3D_shared(float*, float*, float*, int, int, int, int, int, int, int, int, int, int)",1,"gld_requested_throughput","Requested Global Load Throughput",3.334800GB/s,3.334800GB/s,3.334800GB/s
"NVIDIA GeForce MX250 (0)","convolution_3D_shared(float*, float*, float*, int, int, int, int, int, int, int, int, int, int)",1,"gst_requested_throughput","Requested Global Store Throughput",2.492357GB/s,2.492357GB/s,2.492357GB/s
"NVIDIA GeForce MX250 (0)","convolution_3D_shared(float*, float*, float*, int, int, int, int, int, int, int, int, int, int)",1,"gld_throughput","Global Load Throughput",3.446066GB/s,3.446066GB/s,3.446066GB/s
"NVIDIA GeForce MX250 (0)","convolution_3D_shared(float*, float*, float*, int, int, int, int, int, int, int, int, int, int)",1,"gst_throughput","Global Store Throughput",2.848409GB/s,2.848409GB/s,2.848408GB/s
"NVIDIA GeForce MX250 (0)","convolution_3D_shared(float*, float*, float*, int, int, int, int, int, int, int, int, int, int)",1,"local_memory_overhead","Local Memory Overhead",0.000000%,0.000000%,0.000000%
"NVIDIA GeForce MX250 (0)","convolution_3D_shared(float*, float*, float*, int, int, int, int, int, int, int, int, int, int)",1,"tex_cache_hit_rate","Unified Cache Hit Rate",46.640316%,46.640316%,46.640316%
"NVIDIA GeForce MX250 (0)","convolution_3D_shared(float*, float*, float*, int, int, int, int, int, int, int, int, int, int)",1,"l2_tex_read_hit_rate","L2 Hit Rate (Texture Reads)",100.000000%,100.000000%,100.000000%
"NVIDIA GeForce MX250 (0)","convolution_3D_shared(float*, float*, float*, int, int, int, int, int, int, int, int, int, int)",1,"l2_tex_write_hit_rate","L2 Hit Rate (Texture Writes)",100.000000%,100.000000%,100.000000%
"NVIDIA GeForce MX250 (0)","convolution_3D_shared(float*, float*, float*, int, int, int, int, int, int, int, int, int, int)",1,"tex_cache_throughput","Unified Cache Throughput",3.509646GB/s,3.509646GB/s,3.509646GB/s
"NVIDIA GeForce MX250 (0)","convolution_3D_shared(float*, float*, float*, int, int, int, int, int, int, int, int, int, int)",1,"l2_tex_read_throughput","L2 Throughput (Texture Reads)",3.446066GB/s,3.446066GB/s,3.446066GB/s
"NVIDIA GeForce MX250 (0)","convolution_3D_shared(float*, float*, float*, int, int, int, int, int, int, int, int, int, int)",1,"l2_tex_write_throughput","L2 Throughput (Texture Writes)",2.848409GB/s,2.848409GB/s,2.848408GB/s
"NVIDIA GeForce MX250 (0)","convolution_3D_shared(float*, float*, float*, int, int, int, int, int, int, int, int, int, int)",1,"l2_read_throughput","L2 Throughput (Reads)",3.713104GB/s,3.713104GB/s,3.713104GB/s
"NVIDIA GeForce MX250 (0)","convolution_3D_shared(float*, float*, float*, int, int, int, int, int, int, int, int, int, int)",1,"l2_write_throughput","L2 Throughput (Writes)",2.903512GB/s,2.903512GB/s,2.903512GB/s
"NVIDIA GeForce MX250 (0)","convolution_3D_shared(float*, float*, float*, int, int, int, int, int, int, int, int, int, int)",1,"sysmem_read_throughput","System Memory Read Throughput",0.000000B/s,0.000000B/s,0.000000B/s
"NVIDIA GeForce MX250 (0)","convolution_3D_shared(float*, float*, float*, int, int, int, int, int, int, int, int, int, int)",1,"sysmem_write_throughput","System Memory Write Throughput",21.702160MB/s,21.702160MB/s,21.702024MB/s
"NVIDIA GeForce MX250 (0)","convolution_3D_shared(float*, float*, float*, int, int, int, int, int, int, int, int, int, int)",1,"local_load_throughput","Local Memory Load Throughput",0.000000B/s,0.000000B/s,0.000000B/s
"NVIDIA GeForce MX250 (0)","convolution_3D_shared(float*, float*, float*, int, int, int, int, int, int, int, int, int, int)",1,"local_store_throughput","Local Memory Store Throughput",0.000000B/s,0.000000B/s,0.000000B/s
"NVIDIA GeForce MX250 (0)","convolution_3D_shared(float*, float*, float*, int, int, int, int, int, int, int, int, int, int)",1,"shared_load_throughput","Shared Memory Load Throughput",142.420428GB/s,142.420428GB/s,142.420428GB/s
"NVIDIA GeForce MX250 (0)","convolution_3D_shared(float*, float*, float*, int, int, int, int, int, int, int, int, int, int)",1,"shared_store_throughput","Shared Memory Store Throughput",3.763968GB/s,3.763968GB/s,3.763968GB/s
"NVIDIA GeForce MX250 (0)","convolution_3D_shared(float*, float*, float*, int, int, int, int, int, int, int, int, int, int)",1,"gld_efficiency","Global Memory Load Efficiency",96.771218%,96.771218%,96.771218%
"NVIDIA GeForce MX250 (0)","convolution_3D_shared(float*, float*, float*, int, int, int, int, int, int, int, int, int, int)",1,"gst_efficiency","Global Memory Store Efficiency",87.500000%,87.500000%,87.500000%
"NVIDIA GeForce MX250 (0)","convolution_3D_shared(float*, float*, float*, int, int, int, int, int, int, int, int, int, int)",1,"tex_cache_transactions","Unified Cache Transactions",828,828,828
"NVIDIA GeForce MX250 (0)","convolution_3D_shared(float*, float*, float*, int, int, int, int, int, int, int, int, int, int)",1,"flop_count_dp","Floating Point Operations(Double Precision)",0,0,0
"NVIDIA GeForce MX250 (0)","convolution_3D_shared(float*, float*, float*, int, int, int, int, int, int, int, int, int, int)",1,"flop_count_dp_add","Floating Point Operations(Double Precision Add)",0,0,0
"NVIDIA GeForce MX250 (0)","convolution_3D_shared(float*, float*, float*, int, int, int, int, int, int, int, int, int, int)",1,"flop_count_dp_fma","Floating Point Operations(Double Precision FMA)",0,0,0
"NVIDIA GeForce MX250 (0)","convolution_3D_shared(float*, float*, float*, int, int, int, int, int, int, int, int, int, int)",1,"flop_count_dp_mul","Floating Point Operations(Double Precision Mul)",0,0,0
"NVIDIA GeForce MX250 (0)","convolution_3D_shared(float*, float*, float*, int, int, int, int, int, int, int, int, int, int)",1,"flop_count_sp","Floating Point Operations(Single Precision)",235200,235200,235200
"NVIDIA GeForce MX250 (0)","convolution_3D_shared(float*, float*, float*, int, int, int, int, int, int, int, int, int, int)",1,"flop_count_sp_add","Floating Point Operations(Single Precision Add)",0,0,0
"NVIDIA GeForce MX250 (0)","convolution_3D_shared(float*, float*, float*, int, int, int, int, int, int, int, int, int, int)",1,"flop_count_sp_fma","Floating Point Operations(Single Precision FMA)",117600,117600,117600
"NVIDIA GeForce MX250 (0)","convolution_3D_shared(float*, float*, float*, int, int, int, int, int, int, int, int, int, int)",1,"flop_count_sp_mul","Floating Point Operation(Single Precision Mul)",0,0,0
"NVIDIA GeForce MX250 (0)","convolution_3D_shared(float*, float*, float*, int, int, int, int, int, int, int, int, int, int)",1,"flop_count_sp_special","Floating Point Operations(Single Precision Special)",0,0,0
"NVIDIA GeForce MX250 (0)","convolution_3D_shared(float*, float*, float*, int, int, int, int, int, int, int, int, int, int)",1,"inst_executed","Instructions Executed",82464,82464,82464
"NVIDIA GeForce MX250 (0)","convolution_3D_shared(float*, float*, float*, int, int, int, int, int, int, int, int, int, int)",1,"inst_issued","Instructions Issued",83424,83424,83424
"NVIDIA GeForce MX250 (0)","convolution_3D_shared(float*, float*, float*, int, int, int, int, int, int, int, int, int, int)",1,"sysmem_utilization","System Memory Utilization","Low (1)","Low (1)","Low (1)"
"NVIDIA GeForce MX250 (0)","convolution_3D_shared(float*, float*, float*, int, int, int, int, int, int, int, int, int, int)",1,"stall_inst_fetch","Issue Stall Reasons (Instructions Fetch)",7.774873%,7.774873%,7.774873%
"NVIDIA GeForce MX250 (0)","convolution_3D_shared(float*, float*, float*, int, int, int, int, int, int, int, int, int, int)",1,"stall_exec_dependency","Issue Stall Reasons (Execution Dependency)",22.612931%,22.612931%,22.612931%
"NVIDIA GeForce MX250 (0)","convolution_3D_shared(float*, float*, float*, int, int, int, int, int, int, int, int, int, int)",1,"stall_memory_dependency","Issue Stall Reasons (Data Request)",3.723745%,3.723745%,3.723745%
"NVIDIA GeForce MX250 (0)","convolution_3D_shared(float*, float*, float*, int, int, int, int, int, int, int, int, int, int)",1,"stall_texture","Issue Stall Reasons (Texture)",0.000000%,0.000000%,0.000000%
"NVIDIA GeForce MX250 (0)","convolution_3D_shared(float*, float*, float*, int, int, int, int, int, int, int, int, int, int)",1,"stall_sync","Issue Stall Reasons (Synchronization)",6.817960%,6.817960%,6.817960%
"NVIDIA GeForce MX250 (0)","convolution_3D_shared(float*, float*, float*, int, int, int, int, int, int, int, int, int, int)",1,"stall_other","Issue Stall Reasons (Other)",41.290723%,41.290723%,41.290723%
"NVIDIA GeForce MX250 (0)","convolution_3D_shared(float*, float*, float*, int, int, int, int, int, int, int, int, int, int)",1,"stall_constant_memory_dependency","Issue Stall Reasons (Immediate constant)",5.028626%,5.028626%,5.028626%
"NVIDIA GeForce MX250 (0)","convolution_3D_shared(float*, float*, float*, int, int, int, int, int, int, int, int, int, int)",1,"stall_pipe_busy","Issue Stall Reasons (Pipe Busy)",3.882156%,3.882156%,3.882156%
"NVIDIA GeForce MX250 (0)","convolution_3D_shared(float*, float*, float*, int, int, int, int, int, int, int, int, int, int)",1,"shared_efficiency","Shared Memory Efficiency",46.427018%,46.427018%,46.427018%
"NVIDIA GeForce MX250 (0)","convolution_3D_shared(float*, float*, float*, int, int, int, int, int, int, int, int, int, int)",1,"inst_fp_32","FP Instructions(Single)",117600,117600,117600
"NVIDIA GeForce MX250 (0)","convolution_3D_shared(float*, float*, float*, int, int, int, int, int, int, int, int, int, int)",1,"inst_fp_64","FP Instructions(Double)",0,0,0
"NVIDIA GeForce MX250 (0)","convolution_3D_shared(float*, float*, float*, int, int, int, int, int, int, int, int, int, int)",1,"inst_integer","Integer Instructions",1472160,1472160,1472160
"NVIDIA GeForce MX250 (0)","convolution_3D_shared(float*, float*, float*, int, int, int, int, int, int, int, int, int, int)",1,"inst_bit_convert","Bit-Convert Instructions",0,0,0
"NVIDIA GeForce MX250 (0)","convolution_3D_shared(float*, float*, float*, int, int, int, int, int, int, int, int, int, int)",1,"inst_control","Control-Flow Instructions",73206,73206,73206
"NVIDIA GeForce MX250 (0)","convolution_3D_shared(float*, float*, float*, int, int, int, int, int, int, int, int, int, int)",1,"inst_compute_ld_st","Load/Store Instructions",258636,258636,258636
"NVIDIA GeForce MX250 (0)","convolution_3D_shared(float*, float*, float*, int, int, int, int, int, int, int, int, int, int)",1,"inst_misc","Misc Instructions",299820,299820,299820
"NVIDIA GeForce MX250 (0)","convolution_3D_shared(float*, float*, float*, int, int, int, int, int, int, int, int, int, int)",1,"inst_inter_thread_communication","Inter-Thread Instructions",0,0,0
"NVIDIA GeForce MX250 (0)","convolution_3D_shared(float*, float*, float*, int, int, int, int, int, int, int, int, int, int)",1,"issue_slots","Issue Slots",75090,75090,75090
"NVIDIA GeForce MX250 (0)","convolution_3D_shared(float*, float*, float*, int, int, int, int, int, int, int, int, int, int)",1,"cf_issued","Issued Control-Flow Instructions",6336,6336,6336
"NVIDIA GeForce MX250 (0)","convolution_3D_shared(float*, float*, float*, int, int, int, int, int, int, int, int, int, int)",1,"cf_executed","Executed Control-Flow Instructions",6336,6336,6336
"NVIDIA GeForce MX250 (0)","convolution_3D_shared(float*, float*, float*, int, int, int, int, int, int, int, int, int, int)",1,"ldst_issued","Issued Load/Store Instructions",11658,11658,11658
"NVIDIA GeForce MX250 (0)","convolution_3D_shared(float*, float*, float*, int, int, int, int, int, int, int, int, int, int)",1,"ldst_executed","Executed Load/Store Instructions",10740,10740,10740
"NVIDIA GeForce MX250 (0)","convolution_3D_shared(float*, float*, float*, int, int, int, int, int, int, int, int, int, int)",1,"atomic_transactions","Atomic Transactions",0,0,0
"NVIDIA GeForce MX250 (0)","convolution_3D_shared(float*, float*, float*, int, int, int, int, int, int, int, int, int, int)",1,"atomic_transactions_per_request","Atomic Transactions Per Request",0.000000,0.000000,0.000000
"NVIDIA GeForce MX250 (0)","convolution_3D_shared(float*, float*, float*, int, int, int, int, int, int, int, int, int, int)",1,"l2_atomic_throughput","L2 Throughput (Atomic requests)",0.000000B/s,0.000000B/s,0.000000B/s
"NVIDIA GeForce MX250 (0)","convolution_3D_shared(float*, float*, float*, int, int, int, int, int, int, int, int, int, int)",1,"l2_atomic_transactions","L2 Transactions (Atomic requests)",0,0,0
"NVIDIA GeForce MX250 (0)","convolution_3D_shared(float*, float*, float*, int, int, int, int, int, int, int, int, int, int)",1,"l2_tex_read_transactions","L2 Transactions (Texture Reads)",813,813,813
"NVIDIA GeForce MX250 (0)","convolution_3D_shared(float*, float*, float*, int, int, int, int, int, int, int, int, int, int)",1,"stall_memory_throttle","Issue Stall Reasons (Memory Throttle)",0.231263%,0.231263%,0.231263%
"NVIDIA GeForce MX250 (0)","convolution_3D_shared(float*, float*, float*, int, int, int, int, int, int, int, int, int, int)",1,"stall_not_selected","Issue Stall Reasons (Not Selected)",8.637724%,8.637724%,8.637724%
"NVIDIA GeForce MX250 (0)","convolution_3D_shared(float*, float*, float*, int, int, int, int, int, int, int, int, int, int)",1,"l2_tex_write_transactions","L2 Transactions (Texture Writes)",672,672,672
"NVIDIA GeForce MX250 (0)","convolution_3D_shared(float*, float*, float*, int, int, int, int, int, int, int, int, int, int)",1,"flop_count_hp","Floating Point Operations(Half Precision)",0,0,0
"NVIDIA GeForce MX250 (0)","convolution_3D_shared(float*, float*, float*, int, int, int, int, int, int, int, int, int, int)",1,"flop_count_hp_add","Floating Point Operations(Half Precision Add)",0,0,0
"NVIDIA GeForce MX250 (0)","convolution_3D_shared(float*, float*, float*, int, int, int, int, int, int, int, int, int, int)",1,"flop_count_hp_mul","Floating Point Operation(Half Precision Mul)",0,0,0
"NVIDIA GeForce MX250 (0)","convolution_3D_shared(float*, float*, float*, int, int, int, int, int, int, int, int, int, int)",1,"flop_count_hp_fma","Floating Point Operations(Half Precision FMA)",0,0,0
"NVIDIA GeForce MX250 (0)","convolution_3D_shared(float*, float*, float*, int, int, int, int, int, int, int, int, int, int)",1,"inst_fp_16","HP Instructions(Half)",0,0,0
"NVIDIA GeForce MX250 (0)","convolution_3D_shared(float*, float*, float*, int, int, int, int, int, int, int, int, int, int)",1,"sysmem_read_utilization","System Memory Read Utilization","Idle (0)","Idle (0)","Idle (0)"
"NVIDIA GeForce MX250 (0)","convolution_3D_shared(float*, float*, float*, int, int, int, int, int, int, int, int, int, int)",1,"sysmem_write_utilization","System Memory Write Utilization","Low (1)","Low (1)","Low (1)"
"NVIDIA GeForce MX250 (0)","convolution_3D_shared(float*, float*, float*, int, int, int, int, int, int, int, int, int, int)",1,"pcie_total_data_transmitted","PCIe Total Data Transmitted",0,0,0
"NVIDIA GeForce MX250 (0)","convolution_3D_shared(float*, float*, float*, int, int, int, int, int, int, int, int, int, int)",1,"pcie_total_data_received","PCIe Total Data Received",512,512,512
"NVIDIA GeForce MX250 (0)","convolution_3D_shared(float*, float*, float*, int, int, int, int, int, int, int, int, int, int)",1,"inst_executed_global_loads","Warp level instructions for global loads",222,222,222
"NVIDIA GeForce MX250 (0)","convolution_3D_shared(float*, float*, float*, int, int, int, int, int, int, int, int, int, int)",1,"inst_executed_local_loads","Warp level instructions for local loads",0,0,0
"NVIDIA GeForce MX250 (0)","convolution_3D_shared(float*, float*, float*, int, int, int, int, int, int, int, int, int, int)",1,"inst_executed_shared_loads","Warp level instructions for shared loads",8400,8400,8400
"NVIDIA GeForce MX250 (0)","convolution_3D_shared(float*, float*, float*, int, int, int, int, int, int, int, int, int, int)",1,"inst_executed_surface_loads","Warp level instructions for surface loads",0,0,0
"NVIDIA GeForce MX250 (0)","convolution_3D_shared(float*, float*, float*, int, int, int, int, int, int, int, int, int, int)",1,"inst_executed_global_stores","Warp level instructions for global stores",168,168,168
"NVIDIA GeForce MX250 (0)","convolution_3D_shared(float*, float*, float*, int, int, int, int, int, int, int, int, int, int)",1,"inst_executed_local_stores","Warp level instructions for local stores",0,0,0
"NVIDIA GeForce MX250 (0)","convolution_3D_shared(float*, float*, float*, int, int, int, int, int, int, int, int, int, int)",1,"inst_executed_shared_stores","Warp level instructions for shared stores",222,222,222
"NVIDIA GeForce MX250 (0)","convolution_3D_shared(float*, float*, float*, int, int, int, int, int, int, int, int, int, int)",1,"inst_executed_surface_stores","Warp level instructions for surface stores",0,0,0
"NVIDIA GeForce MX250 (0)","convolution_3D_shared(float*, float*, float*, int, int, int, int, int, int, int, int, int, int)",1,"inst_executed_global_atomics","Warp level instructions for global atom and atom cas",0,0,0
"NVIDIA GeForce MX250 (0)","convolution_3D_shared(float*, float*, float*, int, int, int, int, int, int, int, int, int, int)",1,"inst_executed_global_reductions","Warp level instructions for global reductions",0,0,0
"NVIDIA GeForce MX250 (0)","convolution_3D_shared(float*, float*, float*, int, int, int, int, int, int, int, int, int, int)",1,"inst_executed_surface_atomics","Warp level instructions for surface atom and atom cas",0,0,0
"NVIDIA GeForce MX250 (0)","convolution_3D_shared(float*, float*, float*, int, int, int, int, int, int, int, int, int, int)",1,"inst_executed_surface_reductions","Warp level instructions for surface reductions",0,0,0
"NVIDIA GeForce MX250 (0)","convolution_3D_shared(float*, float*, float*, int, int, int, int, int, int, int, int, int, int)",1,"inst_executed_shared_atomics","Warp level shared instructions for atom and atom CAS",0,0,0
"NVIDIA GeForce MX250 (0)","convolution_3D_shared(float*, float*, float*, int, int, int, int, int, int, int, int, int, int)",1,"inst_executed_tex_ops","Warp level instructions for texture",0,0,0
"NVIDIA GeForce MX250 (0)","convolution_3D_shared(float*, float*, float*, int, int, int, int, int, int, int, int, int, int)",1,"l2_global_load_bytes","Bytes read from L2 for misses in Unified Cache for global loads",26016,26016,26016
"NVIDIA GeForce MX250 (0)","convolution_3D_shared(float*, float*, float*, int, int, int, int, int, int, int, int, int, int)",1,"l2_local_load_bytes","Bytes read from L2 for misses in Unified Cache for local loads",0,0,0
"NVIDIA GeForce MX250 (0)","convolution_3D_shared(float*, float*, float*, int, int, int, int, int, int, int, int, int, int)",1,"l2_surface_load_bytes","Bytes read from L2 for misses in Unified Cache for surface loads",0,0,0
"NVIDIA GeForce MX250 (0)","convolution_3D_shared(float*, float*, float*, int, int, int, int, int, int, int, int, int, int)",1,"l2_local_global_store_bytes","Bytes written to L2 from Unified Cache for local and global stores.",21504,21504,21504
"NVIDIA GeForce MX250 (0)","convolution_3D_shared(float*, float*, float*, int, int, int, int, int, int, int, int, int, int)",1,"l2_global_reduction_bytes","Bytes written to L2 from Unified cache for global reductions",0,0,0
"NVIDIA GeForce MX250 (0)","convolution_3D_shared(float*, float*, float*, int, int, int, int, int, int, int, int, int, int)",1,"l2_global_atomic_store_bytes","Bytes written to L2 from Unified cache for global atomics",0,0,0
"NVIDIA GeForce MX250 (0)","convolution_3D_shared(float*, float*, float*, int, int, int, int, int, int, int, int, int, int)",1,"l2_surface_store_bytes","Bytes written to L2 from Unified Cache for surface stores.",0,0,0
"NVIDIA GeForce MX250 (0)","convolution_3D_shared(float*, float*, float*, int, int, int, int, int, int, int, int, int, int)",1,"l2_surface_reduction_bytes","Bytes written to L2 from Unified Cache for surface reductions",0,0,0
"NVIDIA GeForce MX250 (0)","convolution_3D_shared(float*, float*, float*, int, int, int, int, int, int, int, int, int, int)",1,"l2_surface_atomic_store_bytes","Bytes transferred between Unified Cache and L2 for surface atomics",0,0,0
"NVIDIA GeForce MX250 (0)","convolution_3D_shared(float*, float*, float*, int, int, int, int, int, int, int, int, int, int)",1,"global_load_requests","Total number of global load requests from Multiprocessor",828,828,828
"NVIDIA GeForce MX250 (0)","convolution_3D_shared(float*, float*, float*, int, int, int, int, int, int, int, int, int, int)",1,"local_load_requests","Total number of local load requests from Multiprocessor",0,0,0
"NVIDIA GeForce MX250 (0)","convolution_3D_shared(float*, float*, float*, int, int, int, int, int, int, int, int, int, int)",1,"surface_load_requests","Total number of surface load requests from Multiprocessor",0,0,0
"NVIDIA GeForce MX250 (0)","convolution_3D_shared(float*, float*, float*, int, int, int, int, int, int, int, int, int, int)",1,"global_store_requests","Total number of global store requests from Multiprocessor",672,672,672
"NVIDIA GeForce MX250 (0)","convolution_3D_shared(float*, float*, float*, int, int, int, int, int, int, int, int, int, int)",1,"local_store_requests","Total number of local store requests from Multiprocessor",0,0,0
"NVIDIA GeForce MX250 (0)","convolution_3D_shared(float*, float*, float*, int, int, int, int, int, int, int, int, int, int)",1,"surface_store_requests","Total number of surface store requests from Multiprocessor",0,0,0
"NVIDIA GeForce MX250 (0)","convolution_3D_shared(float*, float*, float*, int, int, int, int, int, int, int, int, int, int)",1,"global_atomic_requests","Total number of global atomic requests from Multiprocessor",0,0,0
"NVIDIA GeForce MX250 (0)","convolution_3D_shared(float*, float*, float*, int, int, int, int, int, int, int, int, int, int)",1,"global_reduction_requests","Total number of global reduction requests from Multiprocessor",0,0,0
"NVIDIA GeForce MX250 (0)","convolution_3D_shared(float*, float*, float*, int, int, int, int, int, int, int, int, int, int)",1,"surface_atomic_requests","Total number of surface atomic requests from Multiprocessor",0,0,0
"NVIDIA GeForce MX250 (0)","convolution_3D_shared(float*, float*, float*, int, int, int, int, int, int, int, int, int, int)",1,"surface_reduction_requests","Total number of surface reduction requests from Multiprocessor",0,0,0
"NVIDIA GeForce MX250 (0)","convolution_3D_shared(float*, float*, float*, int, int, int, int, int, int, int, int, int, int)",1,"sysmem_read_bytes","System Memory Read Bytes",0,0,0
"NVIDIA GeForce MX250 (0)","convolution_3D_shared(float*, float*, float*, int, int, int, int, int, int, int, int, int, int)",1,"sysmem_write_bytes","System Memory Write Bytes",160,160,160
"NVIDIA GeForce MX250 (0)","convolution_3D_shared(float*, float*, float*, int, int, int, int, int, int, int, int, int, int)",1,"l2_tex_hit_rate","L2 Cache Hit Rate",100.000000%,100.000000%,100.000000%
"NVIDIA GeForce MX250 (0)","convolution_3D_shared(float*, float*, float*, int, int, int, int, int, int, int, int, int, int)",1,"texture_load_requests","Total number of texture Load requests from Multiprocessor",0,0,0
"NVIDIA GeForce MX250 (0)","convolution_3D_shared(float*, float*, float*, int, int, int, int, int, int, int, int, int, int)",1,"unique_warps_launched","Number of warps launched",192,192,192
"NVIDIA GeForce MX250 (0)","convolution_3D_shared(float*, float*, float*, int, int, int, int, int, int, int, int, int, int)",1,"sm_efficiency","Multiprocessor Activity",63.705498%,63.705498%,63.705498%
"NVIDIA GeForce MX250 (0)","convolution_3D_shared(float*, float*, float*, int, int, int, int, int, int, int, int, int, int)",1,"achieved_occupancy","Achieved Occupancy",0.745380,0.745380,0.745380
"NVIDIA GeForce MX250 (0)","convolution_3D_shared(float*, float*, float*, int, int, int, int, int, int, int, int, int, int)",1,"ipc","Executed IPC",3.377042,3.377042,3.377042
"NVIDIA GeForce MX250 (0)","convolution_3D_shared(float*, float*, float*, int, int, int, int, int, int, int, int, int, int)",1,"issued_ipc","Issued IPC",3.416356,3.416356,3.416356
"NVIDIA GeForce MX250 (0)","convolution_3D_shared(float*, float*, float*, int, int, int, int, int, int, int, int, int, int)",1,"issue_slot_utilization","Issue Slot Utilization",76.876612%,76.876612%,76.876612%
"NVIDIA GeForce MX250 (0)","convolution_3D_shared(float*, float*, float*, int, int, int, int, int, int, int, int, int, int)",1,"eligible_warps_per_cycle","Eligible Warps Per Active Cycle",7.006492,7.006492,7.006492
"NVIDIA GeForce MX250 (0)","convolution_3D_shared(float*, float*, float*, int, int, int, int, int, int, int, int, int, int)",1,"tex_utilization","Unified Cache Utilization","Low (1)","Low (1)","Low (1)"
"NVIDIA GeForce MX250 (0)","convolution_3D_shared(float*, float*, float*, int, int, int, int, int, int, int, int, int, int)",1,"l2_utilization","L2 Cache Utilization","Low (1)","Low (1)","Low (1)"
"NVIDIA GeForce MX250 (0)","convolution_3D_shared(float*, float*, float*, int, int, int, int, int, int, int, int, int, int)",1,"shared_utilization","Shared Memory Utilization","Low (3)","Low (3)","Low (3)"
"NVIDIA GeForce MX250 (0)","convolution_3D_shared(float*, float*, float*, int, int, int, int, int, int, int, int, int, int)",1,"ldst_fu_utilization","Load/Store Function Unit Utilization","Low (3)","Low (3)","Low (3)"
"NVIDIA GeForce MX250 (0)","convolution_3D_shared(float*, float*, float*, int, int, int, int, int, int, int, int, int, int)",1,"cf_fu_utilization","Control-Flow Function Unit Utilization","Low (1)","Low (1)","Low (1)"
"NVIDIA GeForce MX250 (0)","convolution_3D_shared(float*, float*, float*, int, int, int, int, int, int, int, int, int, int)",1,"special_fu_utilization","Special Function Unit Utilization","Idle (0)","Idle (0)","Idle (0)"
"NVIDIA GeForce MX250 (0)","convolution_3D_shared(float*, float*, float*, int, int, int, int, int, int, int, int, int, int)",1,"tex_fu_utilization","Texture Function Unit Utilization","Low (1)","Low (1)","Low (1)"
"NVIDIA GeForce MX250 (0)","convolution_3D_shared(float*, float*, float*, int, int, int, int, int, int, int, int, int, int)",1,"single_precision_fu_utilization","Single-Precision Function Unit Utilization","High (7)","High (7)","High (7)"
"NVIDIA GeForce MX250 (0)","convolution_3D_shared(float*, float*, float*, int, int, int, int, int, int, int, int, int, int)",1,"double_precision_fu_utilization","Double-Precision Function Unit Utilization","Idle (0)","Idle (0)","Idle (0)"
"NVIDIA GeForce MX250 (0)","convolution_3D_shared(float*, float*, float*, int, int, int, int, int, int, int, int, int, int)",1,"flop_hp_efficiency","FLOP Efficiency(Peak Half)",0.000000%,0.000000%,0.000000%
"NVIDIA GeForce MX250 (0)","convolution_3D_shared(float*, float*, float*, int, int, int, int, int, int, int, int, int, int)",1,"flop_sp_efficiency","FLOP Efficiency(Peak Single)",2.412747%,2.412747%,2.412747%
"NVIDIA GeForce MX250 (0)","convolution_3D_shared(float*, float*, float*, int, int, int, int, int, int, int, int, int, int)",1,"flop_dp_efficiency","FLOP Efficiency(Peak Double)",0.000000%,0.000000%,0.000000%
"NVIDIA GeForce MX250 (0)","convolution_3D_shared(float*, float*, float*, int, int, int, int, int, int, int, int, int, int)",1,"dram_read_transactions","Device Memory Read Transactions",0,0,0
"NVIDIA GeForce MX250 (0)","convolution_3D_shared(float*, float*, float*, int, int, int, int, int, int, int, int, int, int)",1,"dram_write_transactions","Device Memory Write Transactions",85,85,85
"NVIDIA GeForce MX250 (0)","convolution_3D_shared(float*, float*, float*, int, int, int, int, int, int, int, int, int, int)",1,"dram_read_throughput","Device Memory Read Throughput",0.000000B/s,0.000000B/s,0.000000B/s
"NVIDIA GeForce MX250 (0)","convolution_3D_shared(float*, float*, float*, int, int, int, int, int, int, int, int, int, int)",1,"dram_write_throughput","Device Memory Write Throughput",368.936728MB/s,368.936728MB/s,368.936593MB/s
"NVIDIA GeForce MX250 (0)","convolution_3D_shared(float*, float*, float*, int, int, int, int, int, int, int, int, int, int)",1,"dram_utilization","Device Memory Utilization","Low (1)","Low (1)","Low (1)"
"NVIDIA GeForce MX250 (0)","convolution_3D_shared(float*, float*, float*, int, int, int, int, int, int, int, int, int, int)",1,"half_precision_fu_utilization","Half-Precision Function Unit Utilization","Idle (0)","Idle (0)","Idle (0)"
"NVIDIA GeForce MX250 (0)","convolution_3D_shared(float*, float*, float*, int, int, int, int, int, int, int, int, int, int)",1,"ecc_transactions","ECC Transactions",0,0,0
"NVIDIA GeForce MX250 (0)","convolution_3D_shared(float*, float*, float*, int, int, int, int, int, int, int, int, int, int)",1,"ecc_throughput","ECC Throughput",0.000000B/s,0.000000B/s,0.000000B/s
"NVIDIA GeForce MX250 (0)","convolution_3D_shared(float*, float*, float*, int, int, int, int, int, int, int, int, int, int)",1,"dram_read_bytes","Total bytes read from DRAM to L2 cache",0,0,0
"NVIDIA GeForce MX250 (0)","convolution_3D_shared(float*, float*, float*, int, int, int, int, int, int, int, int, int, int)",1,"dram_write_bytes","Total bytes written from L2 cache to DRAM",2720,2720,2720
