==6240== NVPROF is profiling process 6240, command: runnable.exe
==6240== Some kernel(s) will be replayed on device 0 in order to collect all events/metrics.
==6240== Profiling application: runnable.exe
==6240== Profiling result:
==6240== Event result:
"Device","Kernel","Invocations","Event Name","Min","Max","Avg","Total"
"NVIDIA GeForce MX250 (0)","convolution_shared(float*, float*, float*, int, int, int, int)",96,"tex0_cache_sector_queries",952,1172,1061,101916
"NVIDIA GeForce MX250 (0)","convolution_shared(float*, float*, float*, int, int, int, int)",96,"tex1_cache_sector_queries",951,1170,1061,101928
"NVIDIA GeForce MX250 (0)","convolution_shared(float*, float*, float*, int, int, int, int)",96,"tex0_cache_sector_misses",417,519,469,45038
"NVIDIA GeForce MX250 (0)","convolution_shared(float*, float*, float*, int, int, int, int)",96,"tex1_cache_sector_misses",417,519,473,45430
"NVIDIA GeForce MX250 (0)","convolution_shared(float*, float*, float*, int, int, int, int)",96,"fb_subp0_read_sectors",0,0,0,0
"NVIDIA GeForce MX250 (0)","convolution_shared(float*, float*, float*, int, int, int, int)",96,"fb_subp1_read_sectors",0,20,0,44
"NVIDIA GeForce MX250 (0)","convolution_shared(float*, float*, float*, int, int, int, int)",96,"fb_subp0_write_sectors",0,13,1,130
"NVIDIA GeForce MX250 (0)","convolution_shared(float*, float*, float*, int, int, int, int)",96,"fb_subp1_write_sectors",0,0,0,0
"NVIDIA GeForce MX250 (0)","convolution_shared(float*, float*, float*, int, int, int, int)",96,"l2_subp0_write_sector_misses",0,5,0,58
"NVIDIA GeForce MX250 (0)","convolution_shared(float*, float*, float*, int, int, int, int)",96,"l2_subp1_write_sector_misses",0,8,0,72
"NVIDIA GeForce MX250 (0)","convolution_shared(float*, float*, float*, int, int, int, int)",96,"l2_subp0_read_sector_misses",0,8,0,8
"NVIDIA GeForce MX250 (0)","convolution_shared(float*, float*, float*, int, int, int, int)",96,"l2_subp1_read_sector_misses",0,12,0,36
"NVIDIA GeForce MX250 (0)","convolution_shared(float*, float*, float*, int, int, int, int)",96,"l2_subp0_read_tex_sector_queries",116,788,436,41948
"NVIDIA GeForce MX250 (0)","convolution_shared(float*, float*, float*, int, int, int, int)",96,"l2_subp1_read_tex_sector_queries",113,793,456,43816
"NVIDIA GeForce MX250 (0)","convolution_shared(float*, float*, float*, int, int, int, int)",96,"l2_subp0_write_tex_sector_queries",12,16,14,1344
"NVIDIA GeForce MX250 (0)","convolution_shared(float*, float*, float*, int, int, int, int)",96,"l2_subp1_write_tex_sector_queries",9,19,14,1344
"NVIDIA GeForce MX250 (0)","convolution_shared(float*, float*, float*, int, int, int, int)",96,"l2_subp0_read_tex_hit_sectors",116,788,436,41948
"NVIDIA GeForce MX250 (0)","convolution_shared(float*, float*, float*, int, int, int, int)",96,"l2_subp1_read_tex_hit_sectors",113,793,456,43816
"NVIDIA GeForce MX250 (0)","convolution_shared(float*, float*, float*, int, int, int, int)",96,"l2_subp0_write_tex_hit_sectors",12,16,14,1344
"NVIDIA GeForce MX250 (0)","convolution_shared(float*, float*, float*, int, int, int, int)",96,"l2_subp1_write_tex_hit_sectors",9,19,14,1344
"NVIDIA GeForce MX250 (0)","convolution_shared(float*, float*, float*, int, int, int, int)",96,"l2_subp0_total_read_sector_queries",203,1166,682,65551
"NVIDIA GeForce MX250 (0)","convolution_shared(float*, float*, float*, int, int, int, int)",96,"l2_subp1_total_read_sector_queries",124,841,484,46504
"NVIDIA GeForce MX250 (0)","convolution_shared(float*, float*, float*, int, int, int, int)",96,"l2_subp0_total_write_sector_queries",21,25,23,2208
"NVIDIA GeForce MX250 (0)","convolution_shared(float*, float*, float*, int, int, int, int)",96,"l2_subp1_total_write_sector_queries",13,23,18,1728
"NVIDIA GeForce MX250 (0)","convolution_shared(float*, float*, float*, int, int, int, int)",96,"l2_subp0_read_sysmem_sector_queries",66,265,218,20969
"NVIDIA GeForce MX250 (0)","convolution_shared(float*, float*, float*, int, int, int, int)",96,"l2_subp1_read_sysmem_sector_queries",0,0,0,0
"NVIDIA GeForce MX250 (0)","convolution_shared(float*, float*, float*, int, int, int, int)",96,"l2_subp0_write_sysmem_sector_queries",1,1,1,96
"NVIDIA GeForce MX250 (0)","convolution_shared(float*, float*, float*, int, int, int, int)",96,"l2_subp1_write_sysmem_sector_queries",4,4,4,384
"NVIDIA GeForce MX250 (0)","convolution_shared(float*, float*, float*, int, int, int, int)",96,"elapsed_cycles_sm",36006,64707,40252,3864195
"NVIDIA GeForce MX250 (0)","convolution_shared(float*, float*, float*, int, int, int, int)",96,"gld_inst_8bit",0,0,0,0
"NVIDIA GeForce MX250 (0)","convolution_shared(float*, float*, float*, int, int, int, int)",96,"gld_inst_16bit",0,0,0,0
"NVIDIA GeForce MX250 (0)","convolution_shared(float*, float*, float*, int, int, int, int)",96,"gld_inst_32bit",5321,5321,5321,510816
"NVIDIA GeForce MX250 (0)","convolution_shared(float*, float*, float*, int, int, int, int)",96,"gld_inst_64bit",0,0,0,0
"NVIDIA GeForce MX250 (0)","convolution_shared(float*, float*, float*, int, int, int, int)",96,"gld_inst_128bit",0,0,0,0
"NVIDIA GeForce MX250 (0)","convolution_shared(float*, float*, float*, int, int, int, int)",96,"gst_inst_8bit",0,0,0,0
"NVIDIA GeForce MX250 (0)","convolution_shared(float*, float*, float*, int, int, int, int)",96,"gst_inst_16bit",0,0,0,0
"NVIDIA GeForce MX250 (0)","convolution_shared(float*, float*, float*, int, int, int, int)",96,"gst_inst_32bit",196,196,196,18816
"NVIDIA GeForce MX250 (0)","convolution_shared(float*, float*, float*, int, int, int, int)",96,"gst_inst_64bit",0,0,0,0
"NVIDIA GeForce MX250 (0)","convolution_shared(float*, float*, float*, int, int, int, int)",96,"gst_inst_128bit",0,0,0,0
"NVIDIA GeForce MX250 (0)","convolution_shared(float*, float*, float*, int, int, int, int)",96,"prof_trigger_00",0,0,0,0
"NVIDIA GeForce MX250 (0)","convolution_shared(float*, float*, float*, int, int, int, int)",96,"prof_trigger_01",0,0,0,0
"NVIDIA GeForce MX250 (0)","convolution_shared(float*, float*, float*, int, int, int, int)",96,"prof_trigger_02",0,0,0,0
"NVIDIA GeForce MX250 (0)","convolution_shared(float*, float*, float*, int, int, int, int)",96,"prof_trigger_03",0,0,0,0
"NVIDIA GeForce MX250 (0)","convolution_shared(float*, float*, float*, int, int, int, int)",96,"prof_trigger_04",0,0,0,0
"NVIDIA GeForce MX250 (0)","convolution_shared(float*, float*, float*, int, int, int, int)",96,"prof_trigger_05",0,0,0,0
"NVIDIA GeForce MX250 (0)","convolution_shared(float*, float*, float*, int, int, int, int)",96,"prof_trigger_06",0,0,0,0
"NVIDIA GeForce MX250 (0)","convolution_shared(float*, float*, float*, int, int, int, int)",96,"prof_trigger_07",0,0,0,0
"NVIDIA GeForce MX250 (0)","convolution_shared(float*, float*, float*, int, int, int, int)",96,"warps_launched",28,28,28,2688
"NVIDIA GeForce MX250 (0)","convolution_shared(float*, float*, float*, int, int, int, int)",96,"inst_issued0",35708,52058,39124,3755924
"NVIDIA GeForce MX250 (0)","convolution_shared(float*, float*, float*, int, int, int, int)",96,"inst_issued1",9429,9449,9429,905204
"NVIDIA GeForce MX250 (0)","convolution_shared(float*, float*, float*, int, int, int, int)",96,"inst_issued2",1365,1367,1365,131042
"NVIDIA GeForce MX250 (0)","convolution_shared(float*, float*, float*, int, int, int, int)",96,"inst_executed",12075,12075,12075,1159200
"NVIDIA GeForce MX250 (0)","convolution_shared(float*, float*, float*, int, int, int, int)",96,"thread_inst_executed",338100,338100,338100,32457600
"NVIDIA GeForce MX250 (0)","convolution_shared(float*, float*, float*, int, int, int, int)",96,"not_predicated_off_thread_inst_executed",253346,253352,253348,24321486
"NVIDIA GeForce MX250 (0)","convolution_shared(float*, float*, float*, int, int, int, int)",96,"active_cycles",11927,15207,12742,1223326
"NVIDIA GeForce MX250 (0)","convolution_shared(float*, float*, float*, int, int, int, int)",96,"active_warps",86046,115658,91041,8739936
"NVIDIA GeForce MX250 (0)","convolution_shared(float*, float*, float*, int, int, int, int)",96,"global_load",1603,1603,1603,153888
"NVIDIA GeForce MX250 (0)","convolution_shared(float*, float*, float*, int, int, int, int)",96,"global_store",7,7,7,672
"NVIDIA GeForce MX250 (0)","convolution_shared(float*, float*, float*, int, int, int, int)",96,"generic_load",0,0,0,0
"NVIDIA GeForce MX250 (0)","convolution_shared(float*, float*, float*, int, int, int, int)",96,"generic_store",0,0,0,0
"NVIDIA GeForce MX250 (0)","convolution_shared(float*, float*, float*, int, int, int, int)",96,"inst_executed_in_trap",0,0,0,0
"NVIDIA GeForce MX250 (0)","convolution_shared(float*, float*, float*, int, int, int, int)",96,"active_cycles_in_trap",0,0,0,0
"NVIDIA GeForce MX250 (0)","convolution_shared(float*, float*, float*, int, int, int, int)",96,"local_store",0,0,0,0
"NVIDIA GeForce MX250 (0)","convolution_shared(float*, float*, float*, int, int, int, int)",96,"local_load",0,0,0,0
"NVIDIA GeForce MX250 (0)","convolution_shared(float*, float*, float*, int, int, int, int)",96,"shared_load",0,0,0,0
"NVIDIA GeForce MX250 (0)","convolution_shared(float*, float*, float*, int, int, int, int)",96,"shared_store",56,56,56,5376
"NVIDIA GeForce MX250 (0)","convolution_shared(float*, float*, float*, int, int, int, int)",96,"inst_executed_shared_atom_cas",0,0,0,0
"NVIDIA GeForce MX250 (0)","convolution_shared(float*, float*, float*, int, int, int, int)",96,"shared_atom",0,0,0,0
"NVIDIA GeForce MX250 (0)","convolution_shared(float*, float*, float*, int, int, int, int)",96,"global_atom_cas",0,0,0,0
"NVIDIA GeForce MX250 (0)","convolution_shared(float*, float*, float*, int, int, int, int)",96,"atom_count",0,0,0,0
"NVIDIA GeForce MX250 (0)","convolution_shared(float*, float*, float*, int, int, int, int)",96,"gred_count",0,0,0,0
"NVIDIA GeForce MX250 (0)","convolution_shared(float*, float*, float*, int, int, int, int)",96,"divergent_branch",0,0,0,0
"NVIDIA GeForce MX250 (0)","convolution_shared(float*, float*, float*, int, int, int, int)",96,"branch",462,462,462,44352
"NVIDIA GeForce MX250 (0)","convolution_shared(float*, float*, float*, int, int, int, int)",96,"shared_ld_bank_conflict",0,0,0,0
"NVIDIA GeForce MX250 (0)","convolution_shared(float*, float*, float*, int, int, int, int)",96,"shared_st_bank_conflict",0,0,0,0
"NVIDIA GeForce MX250 (0)","convolution_shared(float*, float*, float*, int, int, int, int)",96,"shared_ld_transactions",0,0,0,0
"NVIDIA GeForce MX250 (0)","convolution_shared(float*, float*, float*, int, int, int, int)",96,"shared_st_transactions",7,7,7,672
"NVIDIA GeForce MX250 (0)","convolution_shared(float*, float*, float*, int, int, int, int)",96,"active_cycles_pm",11919,15819,12848,1233490
"NVIDIA GeForce MX250 (0)","convolution_shared(float*, float*, float*, int, int, int, int)",96,"active_warps_pm",86228,114766,92413,8871664
"NVIDIA GeForce MX250 (0)","convolution_shared(float*, float*, float*, int, int, int, int)",96,"elapsed_cycles_pm",36312,68625,40550,3892887

==6240== Metric result:
"Device","Kernel","Invocations","Metric Name","Metric Description","Min","Max","Avg"
"NVIDIA GeForce MX250 (0)","convolution_shared(float*, float*, float*, int, int, int, int)",96,"inst_per_warp","Instructions per warp",431.250000,431.250000,431.250000
"NVIDIA GeForce MX250 (0)","convolution_shared(float*, float*, float*, int, int, int, int)",96,"branch_efficiency","Branch Efficiency",100.000000%,100.000000%,100.000000%
"NVIDIA GeForce MX250 (0)","convolution_shared(float*, float*, float*, int, int, int, int)",96,"warp_execution_efficiency","Warp Execution Efficiency",87.500000%,87.500000%,87.500000%
"NVIDIA GeForce MX250 (0)","convolution_shared(float*, float*, float*, int, int, int, int)",96,"warp_nonpred_execution_efficiency","Warp Non-Predicated Execution Efficiency",65.565735%,65.567288%,65.566463%
"NVIDIA GeForce MX250 (0)","convolution_shared(float*, float*, float*, int, int, int, int)",96,"inst_replay_overhead","Instruction Replay Overhead",0.006957,0.008944,0.006977
"NVIDIA GeForce MX250 (0)","convolution_shared(float*, float*, float*, int, int, int, int)",96,"shared_load_transactions_per_request","Shared Memory Load Transactions Per Request",0.000000,0.000000,0.000000
"NVIDIA GeForce MX250 (0)","convolution_shared(float*, float*, float*, int, int, int, int)",96,"shared_store_transactions_per_request","Shared Memory Store Transactions Per Request",0.125000,0.125000,0.125000
"NVIDIA GeForce MX250 (0)","convolution_shared(float*, float*, float*, int, int, int, int)",96,"local_load_transactions_per_request","Local Memory Load Transactions Per Request",0.000000,0.000000,0.000000
"NVIDIA GeForce MX250 (0)","convolution_shared(float*, float*, float*, int, int, int, int)",96,"local_store_transactions_per_request","Local Memory Store Transactions Per Request",0.000000,0.000000,0.000000
"NVIDIA GeForce MX250 (0)","convolution_shared(float*, float*, float*, int, int, int, int)",96,"gld_transactions_per_request","Global Load Transactions Per Request",4.590143,4.590143,4.590143
"NVIDIA GeForce MX250 (0)","convolution_shared(float*, float*, float*, int, int, int, int)",96,"gst_transactions_per_request","Global Store Transactions Per Request",3.571429,4.428571,4.000000
"NVIDIA GeForce MX250 (0)","convolution_shared(float*, float*, float*, int, int, int, int)",96,"shared_store_transactions","Shared Store Transactions",7,7,7
"NVIDIA GeForce MX250 (0)","convolution_shared(float*, float*, float*, int, int, int, int)",96,"shared_load_transactions","Shared Load Transactions",0,0,0
"NVIDIA GeForce MX250 (0)","convolution_shared(float*, float*, float*, int, int, int, int)",96,"local_load_transactions","Local Load Transactions",0,0,0
"NVIDIA GeForce MX250 (0)","convolution_shared(float*, float*, float*, int, int, int, int)",96,"local_store_transactions","Local Store Transactions",0,0,0
"NVIDIA GeForce MX250 (0)","convolution_shared(float*, float*, float*, int, int, int, int)",96,"gld_transactions","Global Load Transactions",7358,7358,7358
"NVIDIA GeForce MX250 (0)","convolution_shared(float*, float*, float*, int, int, int, int)",96,"gst_transactions","Global Store Transactions",25,31,28
"NVIDIA GeForce MX250 (0)","convolution_shared(float*, float*, float*, int, int, int, int)",96,"sysmem_read_transactions","System Memory Read Transactions",0,1,0
"NVIDIA GeForce MX250 (0)","convolution_shared(float*, float*, float*, int, int, int, int)",96,"sysmem_write_transactions","System Memory Write Transactions",5,5,5
"NVIDIA GeForce MX250 (0)","convolution_shared(float*, float*, float*, int, int, int, int)",96,"l2_read_transactions","L2 Read Transactions",959,1425,1167
"NVIDIA GeForce MX250 (0)","convolution_shared(float*, float*, float*, int, int, int, int)",96,"l2_write_transactions","L2 Write Transactions",38,44,41
"NVIDIA GeForce MX250 (0)","convolution_shared(float*, float*, float*, int, int, int, int)",96,"global_hit_rate","Global Hit Rate in unified l1/tex",0.000000%,0.000000%,0.000000%
"NVIDIA GeForce MX250 (0)","convolution_shared(float*, float*, float*, int, int, int, int)",96,"local_hit_rate","Local Hit Rate",0.000000%,0.000000%,0.000000%
"NVIDIA GeForce MX250 (0)","convolution_shared(float*, float*, float*, int, int, int, int)",96,"gld_requested_throughput","Requested Global Load Throughput",149.476091MB/s,1.094119GB/s,176.858311MB/s
"NVIDIA GeForce MX250 (0)","convolution_shared(float*, float*, float*, int, int, int, int)",96,"gst_requested_throughput","Requested Global Store Throughput",9.435528MB/s,70.722726MB/s,11.163989MB/s
"NVIDIA GeForce MX250 (0)","convolution_shared(float*, float*, float*, int, int, int, int)",96,"gld_throughput","Global Load Throughput",338.376032MB/s,2.565277GB/s,407.087410MB/s
"NVIDIA GeForce MX250 (0)","convolution_shared(float*, float*, float*, int, int, int, int)",96,"gst_throughput","Global Store Throughput",9.628089MB/s,89.485898MB/s,12.758847MB/s
"NVIDIA GeForce MX250 (0)","convolution_shared(float*, float*, float*, int, int, int, int)",96,"local_memory_overhead","Local Memory Overhead",0.000000%,0.000000%,0.000000%
"NVIDIA GeForce MX250 (0)","convolution_shared(float*, float*, float*, int, int, int, int)",96,"tex_cache_hit_rate","Unified Cache Hit Rate",56.124825%,57.122439%,56.609249%
"NVIDIA GeForce MX250 (0)","convolution_shared(float*, float*, float*, int, int, int, int)",96,"l2_tex_read_hit_rate","L2 Hit Rate (Texture Reads)",100.000000%,100.000000%,100.000000%
"NVIDIA GeForce MX250 (0)","convolution_shared(float*, float*, float*, int, int, int, int)",96,"l2_tex_write_hit_rate","L2 Hit Rate (Texture Writes)",100.000000%,100.000000%,100.000000%
"NVIDIA GeForce MX250 (0)","convolution_shared(float*, float*, float*, int, int, int, int)",96,"tex_cache_throughput","Unified Cache Throughput",708.242275MB/s,5.184116GB/s,837.983782MB/s
"NVIDIA GeForce MX250 (0)","convolution_shared(float*, float*, float*, int, int, int, int)",96,"l2_tex_read_throughput","L2 Throughput (Texture Reads)",338.376032MB/s,2.565277GB/s,407.087410MB/s
"NVIDIA GeForce MX250 (0)","convolution_shared(float*, float*, float*, int, int, int, int)",96,"l2_tex_write_throughput","L2 Throughput (Texture Writes)",9.628089MB/s,89.485898MB/s,12.758847MB/s
"NVIDIA GeForce MX250 (0)","convolution_shared(float*, float*, float*, int, int, int, int)",96,"l2_read_throughput","L2 Throughput (Reads)",444.215111MB/s,3.030410GB/s,531.880278MB/s
"NVIDIA GeForce MX250 (0)","convolution_shared(float*, float*, float*, int, int, int, int)",96,"l2_write_throughput","L2 Throughput (Writes)",14.634696MB/s,127.012243MB/s,18.682604MB/s
"NVIDIA GeForce MX250 (0)","convolution_shared(float*, float*, float*, int, int, int, int)",96,"sysmem_read_throughput","System Memory Read Throughput",0.000000B/s,2.615269MB/s,150.670898KB/s
"NVIDIA GeForce MX250 (0)","convolution_shared(float*, float*, float*, int, int, int, int)",96,"sysmem_write_throughput","System Memory Write Throughput",1.925617MB/s,14.433209MB/s,2.278354MB/s
"NVIDIA GeForce MX250 (0)","convolution_shared(float*, float*, float*, int, int, int, int)",96,"local_load_throughput","Local Memory Load Throughput",0.000000B/s,0.000000B/s,0.000000B/s
"NVIDIA GeForce MX250 (0)","convolution_shared(float*, float*, float*, int, int, int, int)",96,"local_store_throughput","Local Memory Store Throughput",0.000000B/s,0.000000B/s,0.000000B/s
"NVIDIA GeForce MX250 (0)","convolution_shared(float*, float*, float*, int, int, int, int)",96,"shared_load_throughput","Shared Memory Load Throughput",0.000000B/s,0.000000B/s,0.000000B/s
"NVIDIA GeForce MX250 (0)","convolution_shared(float*, float*, float*, int, int, int, int)",96,"shared_store_throughput","Shared Memory Store Throughput",10.783460MB/s,80.825973MB/s,12.758847MB/s
"NVIDIA GeForce MX250 (0)","convolution_shared(float*, float*, float*, int, int, int, int)",96,"gld_efficiency","Global Memory Load Efficiency",42.604281%,44.357143%,43.454620%
"NVIDIA GeForce MX250 (0)","convolution_shared(float*, float*, float*, int, int, int, int)",96,"gst_efficiency","Global Memory Store Efficiency",79.032258%,98.000000%,88.516129%
"NVIDIA GeForce MX250 (0)","convolution_shared(float*, float*, float*, int, int, int, int)",96,"tex_cache_transactions","Unified Cache Transactions",1839,1839,1839
"NVIDIA GeForce MX250 (0)","convolution_shared(float*, float*, float*, int, int, int, int)",96,"flop_count_dp","Floating Point Operations(Double Precision)",0,0,0
"NVIDIA GeForce MX250 (0)","convolution_shared(float*, float*, float*, int, int, int, int)",96,"flop_count_dp_add","Floating Point Operations(Double Precision Add)",0,0,0
"NVIDIA GeForce MX250 (0)","convolution_shared(float*, float*, float*, int, int, int, int)",96,"flop_count_dp_fma","Floating Point Operations(Double Precision FMA)",0,0,0
"NVIDIA GeForce MX250 (0)","convolution_shared(float*, float*, float*, int, int, int, int)",96,"flop_count_dp_mul","Floating Point Operations(Double Precision Mul)",0,0,0
"NVIDIA GeForce MX250 (0)","convolution_shared(float*, float*, float*, int, int, int, int)",96,"flop_count_sp","Floating Point Operations(Single Precision)",5196,5196,5196
"NVIDIA GeForce MX250 (0)","convolution_shared(float*, float*, float*, int, int, int, int)",96,"flop_count_sp_add","Floating Point Operations(Single Precision Add)",196,196,196
"NVIDIA GeForce MX250 (0)","convolution_shared(float*, float*, float*, int, int, int, int)",96,"flop_count_sp_fma","Floating Point Operations(Single Precision FMA)",2500,2500,2500
"NVIDIA GeForce MX250 (0)","convolution_shared(float*, float*, float*, int, int, int, int)",96,"flop_count_sp_mul","Floating Point Operation(Single Precision Mul)",0,0,0
"NVIDIA GeForce MX250 (0)","convolution_shared(float*, float*, float*, int, int, int, int)",96,"flop_count_sp_special","Floating Point Operations(Single Precision Special)",0,0,0
"NVIDIA GeForce MX250 (0)","convolution_shared(float*, float*, float*, int, int, int, int)",96,"inst_executed","Instructions Executed",12075,12075,12075
"NVIDIA GeForce MX250 (0)","convolution_shared(float*, float*, float*, int, int, int, int)",96,"inst_issued","Instructions Issued",12159,12169,12159
"NVIDIA GeForce MX250 (0)","convolution_shared(float*, float*, float*, int, int, int, int)",96,"sysmem_utilization","System Memory Utilization","Low (1)","Low (1)","Low (1)"
"NVIDIA GeForce MX250 (0)","convolution_shared(float*, float*, float*, int, int, int, int)",96,"stall_inst_fetch","Issue Stall Reasons (Instructions Fetch)",4.655442%,6.234018%,5.861303%
"NVIDIA GeForce MX250 (0)","convolution_shared(float*, float*, float*, int, int, int, int)",96,"stall_exec_dependency","Issue Stall Reasons (Execution Dependency)",24.346502%,32.253837%,30.410407%
"NVIDIA GeForce MX250 (0)","convolution_shared(float*, float*, float*, int, int, int, int)",96,"stall_memory_dependency","Issue Stall Reasons (Data Request)",38.210759%,50.130802%,42.408317%
"NVIDIA GeForce MX250 (0)","convolution_shared(float*, float*, float*, int, int, int, int)",96,"stall_texture","Issue Stall Reasons (Texture)",0.000000%,0.000000%,0.000000%
"NVIDIA GeForce MX250 (0)","convolution_shared(float*, float*, float*, int, int, int, int)",96,"stall_sync","Issue Stall Reasons (Synchronization)",2.415673%,3.349843%,3.103128%
"NVIDIA GeForce MX250 (0)","convolution_shared(float*, float*, float*, int, int, int, int)",96,"stall_other","Issue Stall Reasons (Other)",4.359889%,5.385863%,4.678937%
"NVIDIA GeForce MX250 (0)","convolution_shared(float*, float*, float*, int, int, int, int)",96,"stall_constant_memory_dependency","Issue Stall Reasons (Immediate constant)",7.851536%,11.991722%,8.419125%
"NVIDIA GeForce MX250 (0)","convolution_shared(float*, float*, float*, int, int, int, int)",96,"stall_pipe_busy","Issue Stall Reasons (Pipe Busy)",2.073769%,2.919206%,2.653358%
"NVIDIA GeForce MX250 (0)","convolution_shared(float*, float*, float*, int, int, int, int)",96,"shared_efficiency","Shared Memory Efficiency",55.803571%,55.803571%,55.803571%
"NVIDIA GeForce MX250 (0)","convolution_shared(float*, float*, float*, int, int, int, int)",96,"inst_fp_32","FP Instructions(Single)",2696,2696,2696
"NVIDIA GeForce MX250 (0)","convolution_shared(float*, float*, float*, int, int, int, int)",96,"inst_fp_64","FP Instructions(Double)",0,0,0
"NVIDIA GeForce MX250 (0)","convolution_shared(float*, float*, float*, int, int, int, int)",96,"inst_integer","Integer Instructions",191695,191695,191695
"NVIDIA GeForce MX250 (0)","convolution_shared(float*, float*, float*, int, int, int, int)",96,"inst_bit_convert","Bit-Convert Instructions",0,0,0
"NVIDIA GeForce MX250 (0)","convolution_shared(float*, float*, float*, int, int, int, int)",96,"inst_control","Control-Flow Instructions",4508,4508,4508
"NVIDIA GeForce MX250 (0)","convolution_shared(float*, float*, float*, int, int, int, int)",96,"inst_compute_ld_st","Load/Store Instructions",6426,6426,6426
"NVIDIA GeForce MX250 (0)","convolution_shared(float*, float*, float*, int, int, int, int)",96,"inst_misc","Misc Instructions",48024,48024,48024
"NVIDIA GeForce MX250 (0)","convolution_shared(float*, float*, float*, int, int, int, int)",96,"inst_inter_thread_communication","Inter-Thread Instructions",0,0,0
"NVIDIA GeForce MX250 (0)","convolution_shared(float*, float*, float*, int, int, int, int)",96,"issue_slots","Issue Slots",10794,10804,10794
"NVIDIA GeForce MX250 (0)","convolution_shared(float*, float*, float*, int, int, int, int)",96,"cf_issued","Issued Control-Flow Instructions",462,462,462
"NVIDIA GeForce MX250 (0)","convolution_shared(float*, float*, float*, int, int, int, int)",96,"cf_executed","Executed Control-Flow Instructions",462,462,462
"NVIDIA GeForce MX250 (0)","convolution_shared(float*, float*, float*, int, int, int, int)",96,"ldst_issued","Issued Load/Store Instructions",2088,2088,2088
"NVIDIA GeForce MX250 (0)","convolution_shared(float*, float*, float*, int, int, int, int)",96,"ldst_executed","Executed Load/Store Instructions",1862,1862,1862
"NVIDIA GeForce MX250 (0)","convolution_shared(float*, float*, float*, int, int, int, int)",96,"atomic_transactions","Atomic Transactions",0,0,0
"NVIDIA GeForce MX250 (0)","convolution_shared(float*, float*, float*, int, int, int, int)",96,"atomic_transactions_per_request","Atomic Transactions Per Request",0.000000,0.000000,0.000000
"NVIDIA GeForce MX250 (0)","convolution_shared(float*, float*, float*, int, int, int, int)",96,"l2_atomic_throughput","L2 Throughput (Atomic requests)",0.000000B/s,0.000000B/s,0.000000B/s
"NVIDIA GeForce MX250 (0)","convolution_shared(float*, float*, float*, int, int, int, int)",96,"l2_atomic_transactions","L2 Transactions (Atomic requests)",0,0,0
"NVIDIA GeForce MX250 (0)","convolution_shared(float*, float*, float*, int, int, int, int)",96,"l2_tex_read_transactions","L2 Transactions (Texture Reads)",875,911,893
"NVIDIA GeForce MX250 (0)","convolution_shared(float*, float*, float*, int, int, int, int)",96,"stall_memory_throttle","Issue Stall Reasons (Memory Throttle)",0.139860%,0.193507%,0.174549%
"NVIDIA GeForce MX250 (0)","convolution_shared(float*, float*, float*, int, int, int, int)",96,"stall_not_selected","Issue Stall Reasons (Not Selected)",1.734272%,2.673606%,2.290876%
"NVIDIA GeForce MX250 (0)","convolution_shared(float*, float*, float*, int, int, int, int)",96,"l2_tex_write_transactions","L2 Transactions (Texture Writes)",25,31,28
"NVIDIA GeForce MX250 (0)","convolution_shared(float*, float*, float*, int, int, int, int)",96,"flop_count_hp","Floating Point Operations(Half Precision)",0,0,0
"NVIDIA GeForce MX250 (0)","convolution_shared(float*, float*, float*, int, int, int, int)",96,"flop_count_hp_add","Floating Point Operations(Half Precision Add)",0,0,0
"NVIDIA GeForce MX250 (0)","convolution_shared(float*, float*, float*, int, int, int, int)",96,"flop_count_hp_mul","Floating Point Operation(Half Precision Mul)",0,0,0
"NVIDIA GeForce MX250 (0)","convolution_shared(float*, float*, float*, int, int, int, int)",96,"flop_count_hp_fma","Floating Point Operations(Half Precision FMA)",0,0,0
"NVIDIA GeForce MX250 (0)","convolution_shared(float*, float*, float*, int, int, int, int)",96,"inst_fp_16","HP Instructions(Half)",0,0,0
"NVIDIA GeForce MX250 (0)","convolution_shared(float*, float*, float*, int, int, int, int)",96,"sysmem_read_utilization","System Memory Read Utilization","Idle (0)","Low (1)","Idle (0)"
"NVIDIA GeForce MX250 (0)","convolution_shared(float*, float*, float*, int, int, int, int)",96,"sysmem_write_utilization","System Memory Write Utilization","Low (1)","Low (1)","Low (1)"
"NVIDIA GeForce MX250 (0)","convolution_shared(float*, float*, float*, int, int, int, int)",96,"pcie_total_data_transmitted","PCIe Total Data Transmitted",0,512,245
"NVIDIA GeForce MX250 (0)","convolution_shared(float*, float*, float*, int, int, int, int)",96,"pcie_total_data_received","PCIe Total Data Received",0,512,122
"NVIDIA GeForce MX250 (0)","convolution_shared(float*, float*, float*, int, int, int, int)",96,"inst_executed_global_loads","Warp level instructions for global loads",1603,1603,1603
"NVIDIA GeForce MX250 (0)","convolution_shared(float*, float*, float*, int, int, int, int)",96,"inst_executed_local_loads","Warp level instructions for local loads",0,0,0
"NVIDIA GeForce MX250 (0)","convolution_shared(float*, float*, float*, int, int, int, int)",96,"inst_executed_shared_loads","Warp level instructions for shared loads",0,0,0
"NVIDIA GeForce MX250 (0)","convolution_shared(float*, float*, float*, int, int, int, int)",96,"inst_executed_surface_loads","Warp level instructions for surface loads",0,0,0
"NVIDIA GeForce MX250 (0)","convolution_shared(float*, float*, float*, int, int, int, int)",96,"inst_executed_global_stores","Warp level instructions for global stores",7,7,7
"NVIDIA GeForce MX250 (0)","convolution_shared(float*, float*, float*, int, int, int, int)",96,"inst_executed_local_stores","Warp level instructions for local stores",0,0,0
"NVIDIA GeForce MX250 (0)","convolution_shared(float*, float*, float*, int, int, int, int)",96,"inst_executed_shared_stores","Warp level instructions for shared stores",56,56,56
"NVIDIA GeForce MX250 (0)","convolution_shared(float*, float*, float*, int, int, int, int)",96,"inst_executed_surface_stores","Warp level instructions for surface stores",0,0,0
"NVIDIA GeForce MX250 (0)","convolution_shared(float*, float*, float*, int, int, int, int)",96,"inst_executed_global_atomics","Warp level instructions for global atom and atom cas",0,0,0
"NVIDIA GeForce MX250 (0)","convolution_shared(float*, float*, float*, int, int, int, int)",96,"inst_executed_global_reductions","Warp level instructions for global reductions",0,0,0
"NVIDIA GeForce MX250 (0)","convolution_shared(float*, float*, float*, int, int, int, int)",96,"inst_executed_surface_atomics","Warp level instructions for surface atom and atom cas",0,0,0
"NVIDIA GeForce MX250 (0)","convolution_shared(float*, float*, float*, int, int, int, int)",96,"inst_executed_surface_reductions","Warp level instructions for surface reductions",0,0,0
"NVIDIA GeForce MX250 (0)","convolution_shared(float*, float*, float*, int, int, int, int)",96,"inst_executed_shared_atomics","Warp level shared instructions for atom and atom CAS",0,0,0
"NVIDIA GeForce MX250 (0)","convolution_shared(float*, float*, float*, int, int, int, int)",96,"inst_executed_tex_ops","Warp level instructions for texture",0,0,0
"NVIDIA GeForce MX250 (0)","convolution_shared(float*, float*, float*, int, int, int, int)",96,"l2_global_load_bytes","Bytes read from L2 for misses in Unified Cache for global loads",28000,29152,28588
"NVIDIA GeForce MX250 (0)","convolution_shared(float*, float*, float*, int, int, int, int)",96,"l2_local_load_bytes","Bytes read from L2 for misses in Unified Cache for local loads",0,0,0
"NVIDIA GeForce MX250 (0)","convolution_shared(float*, float*, float*, int, int, int, int)",96,"l2_surface_load_bytes","Bytes read from L2 for misses in Unified Cache for surface loads",0,0,0
"NVIDIA GeForce MX250 (0)","convolution_shared(float*, float*, float*, int, int, int, int)",96,"l2_local_global_store_bytes","Bytes written to L2 from Unified Cache for local and global stores.",800,992,896
"NVIDIA GeForce MX250 (0)","convolution_shared(float*, float*, float*, int, int, int, int)",96,"l2_global_reduction_bytes","Bytes written to L2 from Unified cache for global reductions",0,0,0
"NVIDIA GeForce MX250 (0)","convolution_shared(float*, float*, float*, int, int, int, int)",96,"l2_global_atomic_store_bytes","Bytes written to L2 from Unified cache for global atomics",0,0,0
"NVIDIA GeForce MX250 (0)","convolution_shared(float*, float*, float*, int, int, int, int)",96,"l2_surface_store_bytes","Bytes written to L2 from Unified Cache for surface stores.",0,0,0
"NVIDIA GeForce MX250 (0)","convolution_shared(float*, float*, float*, int, int, int, int)",96,"l2_surface_reduction_bytes","Bytes written to L2 from Unified Cache for surface reductions",0,0,0
"NVIDIA GeForce MX250 (0)","convolution_shared(float*, float*, float*, int, int, int, int)",96,"l2_surface_atomic_store_bytes","Bytes transferred between Unified Cache and L2 for surface atomics",0,0,0
"NVIDIA GeForce MX250 (0)","convolution_shared(float*, float*, float*, int, int, int, int)",96,"global_load_requests","Total number of global load requests from Multiprocessor",1839,1839,1839
"NVIDIA GeForce MX250 (0)","convolution_shared(float*, float*, float*, int, int, int, int)",96,"local_load_requests","Total number of local load requests from Multiprocessor",0,0,0
"NVIDIA GeForce MX250 (0)","convolution_shared(float*, float*, float*, int, int, int, int)",96,"surface_load_requests","Total number of surface load requests from Multiprocessor",0,0,0
"NVIDIA GeForce MX250 (0)","convolution_shared(float*, float*, float*, int, int, int, int)",96,"global_store_requests","Total number of global store requests from Multiprocessor",25,25,25
"NVIDIA GeForce MX250 (0)","convolution_shared(float*, float*, float*, int, int, int, int)",96,"local_store_requests","Total number of local store requests from Multiprocessor",0,0,0
"NVIDIA GeForce MX250 (0)","convolution_shared(float*, float*, float*, int, int, int, int)",96,"surface_store_requests","Total number of surface store requests from Multiprocessor",0,0,0
"NVIDIA GeForce MX250 (0)","convolution_shared(float*, float*, float*, int, int, int, int)",96,"global_atomic_requests","Total number of global atomic requests from Multiprocessor",0,0,0
"NVIDIA GeForce MX250 (0)","convolution_shared(float*, float*, float*, int, int, int, int)",96,"global_reduction_requests","Total number of global reduction requests from Multiprocessor",0,0,0
"NVIDIA GeForce MX250 (0)","convolution_shared(float*, float*, float*, int, int, int, int)",96,"surface_atomic_requests","Total number of surface atomic requests from Multiprocessor",0,0,0
"NVIDIA GeForce MX250 (0)","convolution_shared(float*, float*, float*, int, int, int, int)",96,"surface_reduction_requests","Total number of surface reduction requests from Multiprocessor",0,0,0
"NVIDIA GeForce MX250 (0)","convolution_shared(float*, float*, float*, int, int, int, int)",96,"sysmem_read_bytes","System Memory Read Bytes",0,32,10
"NVIDIA GeForce MX250 (0)","convolution_shared(float*, float*, float*, int, int, int, int)",96,"sysmem_write_bytes","System Memory Write Bytes",160,160,160
"NVIDIA GeForce MX250 (0)","convolution_shared(float*, float*, float*, int, int, int, int)",96,"l2_tex_hit_rate","L2 Cache Hit Rate",100.000000%,100.000000%,100.000000%
"NVIDIA GeForce MX250 (0)","convolution_shared(float*, float*, float*, int, int, int, int)",96,"texture_load_requests","Total number of texture Load requests from Multiprocessor",0,0,0
"NVIDIA GeForce MX250 (0)","convolution_shared(float*, float*, float*, int, int, int, int)",96,"unique_warps_launched","Number of warps launched",28,28,28
"NVIDIA GeForce MX250 (0)","convolution_shared(float*, float*, float*, int, int, int, int)",96,"sm_efficiency","Multiprocessor Activity",23.299471%,33.907015%,32.257982%
"NVIDIA GeForce MX250 (0)","convolution_shared(float*, float*, float*, int, int, int, int)",96,"achieved_occupancy","Achieved Occupancy",0.107287,0.114616,0.111828
"NVIDIA GeForce MX250 (0)","convolution_shared(float*, float*, float*, int, int, int, int)",96,"ipc","Executed IPC",0.730667,1.010714,0.944157
"NVIDIA GeForce MX250 (0)","convolution_shared(float*, float*, float*, int, int, int, int)",96,"issued_ipc","Issued IPC",0.766114,1.020136,0.949382
"NVIDIA GeForce MX250 (0)","convolution_shared(float*, float*, float*, int, int, int, int)",96,"issue_slot_utilization","Issue Slot Utilization",17.002709%,22.640322%,21.070047%
"NVIDIA GeForce MX250 (0)","convolution_shared(float*, float*, float*, int, int, int, int)",96,"eligible_warps_per_cycle","Eligible Warps Per Active Cycle",0.785143,1.059203,0.991567
"NVIDIA GeForce MX250 (0)","convolution_shared(float*, float*, float*, int, int, int, int)",96,"tex_utilization","Unified Cache Utilization","Low (1)","Low (1)","Low (1)"
"NVIDIA GeForce MX250 (0)","convolution_shared(float*, float*, float*, int, int, int, int)",96,"l2_utilization","L2 Cache Utilization","Low (1)","Low (1)","Low (1)"
"NVIDIA GeForce MX250 (0)","convolution_shared(float*, float*, float*, int, int, int, int)",96,"shared_utilization","Shared Memory Utilization","Low (1)","Low (1)","Low (1)"
"NVIDIA GeForce MX250 (0)","convolution_shared(float*, float*, float*, int, int, int, int)",96,"ldst_fu_utilization","Load/Store Function Unit Utilization","Low (1)","Low (1)","Low (1)"
"NVIDIA GeForce MX250 (0)","convolution_shared(float*, float*, float*, int, int, int, int)",96,"cf_fu_utilization","Control-Flow Function Unit Utilization","Low (1)","Low (1)","Low (1)"
"NVIDIA GeForce MX250 (0)","convolution_shared(float*, float*, float*, int, int, int, int)",96,"special_fu_utilization","Special Function Unit Utilization","Idle (0)","Idle (0)","Idle (0)"
"NVIDIA GeForce MX250 (0)","convolution_shared(float*, float*, float*, int, int, int, int)",96,"tex_fu_utilization","Texture Function Unit Utilization","Low (1)","Low (1)","Low (1)"
"NVIDIA GeForce MX250 (0)","convolution_shared(float*, float*, float*, int, int, int, int)",96,"single_precision_fu_utilization","Single-Precision Function Unit Utilization","Low (2)","Low (2)","Low (2)"
"NVIDIA GeForce MX250 (0)","convolution_shared(float*, float*, float*, int, int, int, int)",96,"double_precision_fu_utilization","Double-Precision Function Unit Utilization","Idle (0)","Idle (0)","Idle (0)"
"NVIDIA GeForce MX250 (0)","convolution_shared(float*, float*, float*, int, int, int, int)",96,"flop_hp_efficiency","FLOP Efficiency(Peak Half)",0.000000%,0.000000%,0.000000%
"NVIDIA GeForce MX250 (0)","convolution_shared(float*, float*, float*, int, int, int, int)",96,"flop_sp_efficiency","FLOP Efficiency(Peak Single)",0.031367%,0.056371%,0.051449%
"NVIDIA GeForce MX250 (0)","convolution_shared(float*, float*, float*, int, int, int, int)",96,"flop_dp_efficiency","FLOP Efficiency(Peak Double)",0.000000%,0.000000%,0.000000%
"NVIDIA GeForce MX250 (0)","convolution_shared(float*, float*, float*, int, int, int, int)",96,"dram_read_transactions","Device Memory Read Transactions",0,20,0
"NVIDIA GeForce MX250 (0)","convolution_shared(float*, float*, float*, int, int, int, int)",96,"dram_write_transactions","Device Memory Write Transactions",0,13,1
"NVIDIA GeForce MX250 (0)","convolution_shared(float*, float*, float*, int, int, int, int)",96,"dram_read_throughput","Device Memory Read Throughput",0.000000B/s,7.981582MB/s,213.861328KB/s
"NVIDIA GeForce MX250 (0)","convolution_shared(float*, float*, float*, int, int, int, int)",96,"dram_write_throughput","Device Memory Write Throughput",0.000000B/s,5.197135MB/s,631.864258KB/s
"NVIDIA GeForce MX250 (0)","convolution_shared(float*, float*, float*, int, int, int, int)",96,"dram_utilization","Device Memory Utilization","Idle (0)","Low (1)","Idle (0)"
"NVIDIA GeForce MX250 (0)","convolution_shared(float*, float*, float*, int, int, int, int)",96,"half_precision_fu_utilization","Half-Precision Function Unit Utilization","Idle (0)","Idle (0)","Idle (0)"
"NVIDIA GeForce MX250 (0)","convolution_shared(float*, float*, float*, int, int, int, int)",96,"ecc_transactions","ECC Transactions",0,0,0
"NVIDIA GeForce MX250 (0)","convolution_shared(float*, float*, float*, int, int, int, int)",96,"ecc_throughput","ECC Throughput",0.000000B/s,0.000000B/s,0.000000B/s
"NVIDIA GeForce MX250 (0)","convolution_shared(float*, float*, float*, int, int, int, int)",96,"dram_read_bytes","Total bytes read from DRAM to L2 cache",0,640,14
"NVIDIA GeForce MX250 (0)","convolution_shared(float*, float*, float*, int, int, int, int)",96,"dram_write_bytes","Total bytes written from L2 cache to DRAM",0,416,43
